[Architectury Transformer] Architectury Runtime 5.2.91
[Architectury Transformer DEBUG] Closed File Systems for /media/crystalneko/enkoo/java/JustARod/common/build/devlibs/JustARod-common-0.2.2-dev.jar
[Architectury Transformer DEBUG] Preparing tiny remapper prepared transformer: dev.architectury.transformer.handler.TinyRemapperPreparedTransformerHandler
[Architectury Transformer DEBUG] Provided 151 classpath jar(s):
[Architectury Transformer DEBUG]  - /media/crystalneko/enkoo/java/JustARod/.gradle-home/caches/fabric-loom/1.21.1/neoforge/21.1.248/client-extra.jar
[Architectury Transformer DEBUG]  - /media/crystalneko/enkoo/java/JustARod/neoforge/build/energy/teamreborn-energy-4.1.0-neoforge.jar
[Architectury Transformer DEBUG]  - /media/crystalneko/enkoo/java/JustARod/.gradle-home/caches/modules-2/files-2.1/thedarkcolour/kotlinforforge-neoforge/5.12.0/7e95d23cf56cbeb15aba25b4677d2119e00af46d/kotlinforforge-neoforge-5.12.0.jar
[Architectury Transformer DEBUG]  - /media/crystalneko/enkoo/java/JustARod/.gradle-home/caches/modules-2/files-2.1/org.jetbrains.kotlin/kotlin-reflect/2.4.0/532cc727c0960d12f4c9acb6a6c2c4a3e08187b/kotlin-reflect-2.4.0.jar
[Architectury Transformer DEBUG]  - /media/crystalneko/enkoo/java/JustARod/.gradle-home/caches/modules-2/files-2.1/org.jetbrains.kotlinx/kotlinx-coroutines-jdk8/1.11.0/e470357f495c20ec5bccc6b97d90f8291f7969f8/kotlinx-coroutines-jdk8-1.11.0.jar
[Architectury Transformer DEBUG]  - /media/crystalneko/enkoo/java/JustARod/.gradle-home/caches/modules-2/files-2.1/org.jetbrains.kotlinx/kotlinx-coroutines-core-jvm/1.11.0/3d57dc678bd8d72a60e7adf0eca5c54e3f4f4b79/kotlinx-coroutines-core-jvm-1.11.0.jar
[Architectury Transformer DEBUG]  - /media/crystalneko/enkoo/java/JustARod/.gradle-home/caches/modules-2/files-2.1/org.jetbrains.kotlinx/kotlinx-serialization-json-jvm/1.11.0/e7e045e99e56f07599bb9ccb708c2190e2af0606/kotlinx-serialization-json-jvm-1.11.0.jar
[Architectury Transformer DEBUG]  - /media/crystalneko/enkoo/java/JustARod/.gradle-home/caches/modules-2/files-2.1/org.jetbrains.kotlinx/kotlinx-serialization-core-jvm/1.11.0/c1905c9bf7452b045d5af9248835abe64ddad6bf/kotlinx-serialization-core-jvm-1.11.0.jar
[Architectury Transformer DEBUG]  - /media/crystalneko/enkoo/java/JustARod/.gradle-home/caches/modules-2/files-2.1/org.jetbrains.kotlin/kotlin-stdlib-jdk8/2.4.0/ff44d8831b07b547fc0263e33304e876788d6f0d/kotlin-stdlib-jdk8-2.4.0.jar
[Architectury Transformer DEBUG]  - /media/crystalneko/enkoo/java/JustARod/.gradle-home/caches/modules-2/files-2.1/org.jetbrains.kotlin/kotlin-stdlib-jdk7/2.4.0/65464dd63e7ab1b7cb29f2b2554971088deb50f3/kotlin-stdlib-jdk7-2.4.0.jar
[Architectury Transformer DEBUG]  - /media/crystalneko/enkoo/java/JustARod/.gradle-home/caches/modules-2/files-2.1/org.jetbrains.kotlin/kotlin-stdlib/2.4.0/4e9f4b531dce5c7dee58ed2de9a8b9a763c8dc6c/kotlin-stdlib-2.4.0.jar
[Architectury Transformer DEBUG]  - /media/crystalneko/enkoo/java/JustARod/.gradle-home/caches/modules-2/files-2.1/dev.architectury/architectury-injectables/1.0.10/62db2a366d662606d1b23ad02ccc3212ed37ec3/architectury-injectables-1.0.10.jar
[Architectury Transformer DEBUG]  - /media/crystalneko/enkoo/java/JustARod/.gradle-home/caches/modules-2/files-2.1/net.fabricmc/fabric-loader/0.19.3/354dfaa02d0552e11867f85dff7cdbfaf813ba3e/fabric-loader-0.19.3.jar
[Architectury Transformer DEBUG]  - /media/crystalneko/enkoo/java/JustARod/.gradle-home/caches/modules-2/files-2.1/org.jetbrains/annotations/25.0.0/c1e6b966db352094ac3bf7f88f3bdef332fe43f0/annotations-25.0.0.jar
[Architectury Transformer DEBUG]  - /media/crystalneko/enkoo/java/JustARod/.gradle-home/caches/modules-2/files-2.1/com.google.code.findbugs/jsr305/3.0.2/25ea2e8b0c338a877313bd4672d3fe056ea78f0d/jsr305-3.0.2.jar
[Architectury Transformer DEBUG]  - /media/crystalneko/enkoo/java/JustARod/.gradle-home/caches/modules-2/files-2.1/maven.modrinth/tonekomod/ytAtEo73/538905b339e150d3375f987deb136772b8eb1d67/tonekomod-ytAtEo73.jar
[Architectury Transformer DEBUG]  - /media/crystalneko/enkoo/java/JustARod/.gradle-home/caches/modules-2/files-2.1/net.neoforged.fancymodloader/earlydisplay/4.0.43/3a941fcf258b5a7dde0445377a7206a55d11630d/earlydisplay-4.0.43.jar
[Architectury Transformer DEBUG]  - /media/crystalneko/enkoo/java/JustARod/.gradle-home/caches/fabric-loom/forge/transformed-dependencies-v1/net/neoforged/fancymodloader/732868e225e2cc3a1dad8d874c339d3ec9022586c74abd58b369068b21189baf/loader/4.0.43/loader-4.0.43.jar
[Architectury Transformer DEBUG]  - /media/crystalneko/enkoo/java/JustARod/.gradle-home/caches/modules-2/files-2.1/net.neoforged.accesstransformers/at-modlauncher/10.0.1/5aba50202aceead086bc09fbc2751c9f05cb4890/at-modlauncher-10.0.1.jar
[Architectury Transformer DEBUG]  - /media/crystalneko/enkoo/java/JustARod/.gradle-home/caches/modules-2/files-2.1/net.neoforged/accesstransformers/10.0.1/fd83b5725f76eae9115e9355fa1c456a6a441400/accesstransformers-10.0.1.jar
[Architectury Transformer DEBUG]  - /media/crystalneko/enkoo/java/JustARod/.gradle-home/caches/modules-2/files-2.1/net.neoforged/bus/8.0.5/5b2d33285ab5d1554e9798ad98c40d6ea3868bd5/bus-8.0.5.jar
[Architectury Transformer DEBUG]  - /media/crystalneko/enkoo/java/JustARod/.gradle-home/caches/modules-2/files-2.1/net.neoforged/coremods/7.0.3/9147e6f638b4272b3bd5fc8f92ad37802512c6c/coremods-7.0.3.jar
[Architectury Transformer DEBUG]  - /media/crystalneko/enkoo/java/JustARod/.gradle-home/caches/modules-2/files-2.1/cpw.mods/modlauncher/11.0.5/b8f0d49294f733fdb6173931b263553e943dc950/modlauncher-11.0.5.jar
[Architectury Transformer DEBUG]  - /media/crystalneko/enkoo/java/JustARod/.gradle-home/caches/modules-2/files-2.1/net.neoforged/mergetool/2.0.0/52fe1949be64e3303aabaaa21e315f551db9c9f4/mergetool-2.0.0-api.jar
[Architectury Transformer DEBUG]  - /media/crystalneko/enkoo/java/JustARod/.gradle-home/caches/modules-2/files-2.1/com.electronwill.night-config/toml/3.8.3/90b2fd6efcb4a7d5b9810cf78f9d824994d717f2/toml-3.8.3.jar
[Architectury Transformer DEBUG]  - /media/crystalneko/enkoo/java/JustARod/.gradle-home/caches/modules-2/files-2.1/com.electronwill.night-config/core/3.8.3/b442a95f09e349927f5a945ecb594455870fcf4f/core-3.8.3.jar
[Architectury Transformer DEBUG]  - /media/crystalneko/enkoo/java/JustARod/.gradle-home/caches/modules-2/files-2.1/net.neoforged/JarJarSelector/0.4.1/fb3cc7a58af22ad2880adb98af6d518128c47dae/JarJarSelector-0.4.1.jar
[Architectury Transformer DEBUG]  - /media/crystalneko/enkoo/java/JustARod/.gradle-home/caches/modules-2/files-2.1/net.neoforged/JarJarMetadata/0.4.1/f8da03683dc81694556dc3e177c5e3bb77ae6fcb/JarJarMetadata-0.4.1.jar
[Architectury Transformer DEBUG]  - /media/crystalneko/enkoo/java/JustARod/.gradle-home/caches/modules-2/files-2.1/org.apache.maven/maven-artifact/3.8.5/4433f50c07debefaed0553bd0068f4f48d449313/maven-artifact-3.8.5.jar
[Architectury Transformer DEBUG]  - /media/crystalneko/enkoo/java/JustARod/.gradle-home/caches/modules-2/files-2.1/net.jodah/typetools/0.6.3/a01aaa6ddaea9ec07ec4f209487b7a46a526283a/typetools-0.6.3.jar
[Architectury Transformer DEBUG]  - /media/crystalneko/enkoo/java/JustARod/.gradle-home/caches/modules-2/files-2.1/net.minecrell/terminalconsoleappender/1.3.0/b562e9bb61235c9520e26282cdee71f8f802d1fc/terminalconsoleappender-1.3.0.jar
[Architectury Transformer DEBUG]  - /media/crystalneko/enkoo/java/JustARod/.gradle-home/caches/modules-2/files-2.1/net.fabricmc/sponge-mixin/0.15.2+mixin.0.8.7/2af2f021d8e02a0220dc27a7a72b4666d66d44ca/sponge-mixin-0.15.2+mixin.0.8.7.jar
[Architectury Transformer DEBUG]  - /media/crystalneko/enkoo/java/JustARod/.gradle-home/caches/modules-2/files-2.1/org.openjdk.nashorn/nashorn-core/15.4/f67f5ffaa5f5130cf6fb9b133da00c7df3b532a5/nashorn-core-15.4.jar
[Architectury Transformer DEBUG]  - /media/crystalneko/enkoo/java/JustARod/.gradle-home/caches/modules-2/files-2.1/org.apache.commons/commons-lang3/3.14.0/1ed471194b02f2c6cb734a0cd6f6f107c673afae/commons-lang3-3.14.0.jar
[Architectury Transformer DEBUG]  - /media/crystalneko/enkoo/java/JustARod/.gradle-home/caches/modules-2/files-2.1/cpw.mods/bootstraplauncher/2.0.2/1a2d076cbc33b0520cbacd591224427b2a20047d/bootstraplauncher-2.0.2.jar
[Architectury Transformer DEBUG]  - /media/crystalneko/enkoo/java/JustARod/.gradle-home/caches/modules-2/files-2.1/cpw.mods/securejarhandler/3.0.8/c0ef95cecd8699a0449053ac7d9c160748d902cd/securejarhandler-3.0.8.jar
[Architectury Transformer DEBUG]  - /media/crystalneko/enkoo/java/JustARod/.gradle-home/caches/modules-2/files-2.1/org.ow2.asm/asm-commons/9.10.1/4229e4c55fd8e01c23f9fe9884075cc628aacc50/asm-commons-9.10.1.jar
[Architectury Transformer DEBUG]  - /media/crystalneko/enkoo/java/JustARod/.gradle-home/caches/modules-2/files-2.1/org.ow2.asm/asm-util/9.10.1/7bb9d450e8d4cbf9f9e04096c44bbfe7fba80b15/asm-util-9.10.1.jar
[Architectury Transformer DEBUG]  - /media/crystalneko/enkoo/java/JustARod/.gradle-home/caches/modules-2/files-2.1/org.ow2.asm/asm-analysis/9.10.1/8d49f14d51f632cb1d87c88d1ceaf50db0d8af1b/asm-analysis-9.10.1.jar
[Architectury Transformer DEBUG]  - /media/crystalneko/enkoo/java/JustARod/.gradle-home/caches/modules-2/files-2.1/org.ow2.asm/asm-tree/9.10.1/e244332a17564c1d1572449399a842de35881be2/asm-tree-9.10.1.jar
[Architectury Transformer DEBUG]  - /media/crystalneko/enkoo/java/JustARod/.gradle-home/caches/modules-2/files-2.1/org.ow2.asm/asm/9.10.1/ada2141c0cc52ee8f5c48cd5fa4ce0e794f22236/asm-9.10.1.jar
[Architectury Transformer DEBUG]  - /media/crystalneko/enkoo/java/JustARod/.gradle-home/caches/modules-2/files-2.1/net.neoforged/JarJarFileSystems/0.4.1/78f59f89defcd032ed788b151ca6a0d40ace796a/JarJarFileSystems-0.4.1.jar
[Architectury Transformer DEBUG]  - /media/crystalneko/enkoo/java/JustARod/.gradle-home/caches/modules-2/files-2.1/io.github.llamalad7/mixinextras-neoforge/0.5.3/a0919957808de97707c5fb4ce073e66aeef3e187/mixinextras-neoforge-0.5.3.jar
[Architectury Transformer DEBUG]  - /media/crystalneko/enkoo/java/JustARod/.gradle-home/caches/modules-2/files-2.1/net.sf.jopt-simple/jopt-simple/5.0.4/4fdac2fbe92dfad86aa6e9301736f6b4342a3f5c/jopt-simple-5.0.4.jar
[Architectury Transformer DEBUG]  - /media/crystalneko/enkoo/java/JustARod/.gradle-home/caches/modules-2/files-2.1/com.mojang/logging/1.2.7/24cb95ffb0e3433fd6e844c04e68009e504ca1c0/logging-1.2.7.jar
[Architectury Transformer DEBUG]  - /media/crystalneko/enkoo/java/JustARod/.gradle-home/caches/modules-2/files-2.1/org.apache.logging.log4j/log4j-slf4j2-impl/2.22.1/d7e6693c2606cb7e7335047d7bb96dec52db5665/log4j-slf4j2-impl-2.22.1.jar
[Architectury Transformer DEBUG]  - /media/crystalneko/enkoo/java/JustARod/.gradle-home/caches/modules-2/files-2.1/com.machinezoo.noexception/noexception/1.7.1/b65330c98e38a1f915fa54a6e5eca496505e3f0a/noexception-1.7.1.jar
[Architectury Transformer DEBUG]  - /media/crystalneko/enkoo/java/JustARod/.gradle-home/caches/modules-2/files-2.1/org.slf4j/slf4j-api/2.0.9/7cf2726fdcfbc8610f9a71fb3ed639871f315340/slf4j-api-2.0.9.jar
[Architectury Transformer DEBUG]  - /media/crystalneko/enkoo/java/JustARod/.gradle-home/caches/modules-2/files-2.1/org.antlr/antlr4-runtime/4.13.1/17125bae1d965624e265ef49552f6465a2bfa307/antlr4-runtime-4.13.1.jar
[Architectury Transformer DEBUG]  - /media/crystalneko/enkoo/java/JustARod/.gradle-home/caches/modules-2/files-2.1/org.apache.logging.log4j/log4j-core/2.22.1/7183a25510a02ad00cc6a95d3b3d2a7d3c5a8dc4/log4j-core-2.22.1.jar
[Architectury Transformer DEBUG]  - /media/crystalneko/enkoo/java/JustARod/.gradle-home/caches/modules-2/files-2.1/io.github.juuxel/unprotect/1.2.0/49cc229a0469f28fae41593a9537743ac6a951dc/unprotect-1.2.0.jar
[Architectury Transformer DEBUG]  - /media/crystalneko/enkoo/java/JustARod/.gradle-home/caches/modules-2/files-2.1/org.apache.logging.log4j/log4j-api/2.22.1/bea6fede6328fabafd7e68363161a7ea6605abd1/log4j-api-2.22.1.jar
[Architectury Transformer DEBUG]  - /media/crystalneko/enkoo/java/JustARod/.gradle-home/caches/modules-2/files-2.1/org.jline/jline-reader/3.20.0/8f15415b022a25b473e8e16c28ae913186ffb9c4/jline-reader-3.20.0.jar
[Architectury Transformer DEBUG]  - /media/crystalneko/enkoo/java/JustARod/.gradle-home/caches/modules-2/files-2.1/org.jline/jline-terminal/3.20.0/d0ddcc708ddf527a3454c941b7b9225cc83a15ff/jline-terminal-3.20.0.jar
[Architectury Transformer DEBUG]  - /media/crystalneko/enkoo/java/JustARod/.gradle-home/caches/modules-2/files-2.1/commons-io/commons-io/2.15.1/f11560da189ab563a5c8e351941415430e9304ea/commons-io-2.15.1.jar
[Architectury Transformer DEBUG]  - /media/crystalneko/enkoo/java/JustARod/.gradle-home/caches/modules-2/files-2.1/net.minecraftforge/srgutils/0.4.15/ca408b131759478f164e010fae0d73997e125fb5/srgutils-0.4.15.jar
[Architectury Transformer DEBUG]  - /media/crystalneko/enkoo/java/JustARod/.gradle-home/caches/modules-2/files-2.1/com.google.guava/guava/32.1.2-jre/5e64ec7e056456bef3a4bc4c6fdaef71e8ab6318/guava-32.1.2-jre.jar
[Architectury Transformer DEBUG]  - /media/crystalneko/enkoo/java/JustARod/.gradle-home/caches/modules-2/files-2.1/com.google.guava/failureaccess/1.0.1/1dcf1de382a0bf95a3d8b0849546c88bac1292c9/failureaccess-1.0.1.jar
[Architectury Transformer DEBUG]  - /media/crystalneko/enkoo/java/JustARod/.gradle-home/caches/modules-2/files-2.1/com.google.guava/listenablefuture/9999.0-empty-to-avoid-conflict-with-guava/b421526c5f297295adef1c886e5246c39d4ac629/listenablefuture-9999.0-empty-to-avoid-conflict-with-guava.jar
[Architectury Transformer DEBUG]  - /media/crystalneko/enkoo/java/JustARod/.gradle-home/caches/modules-2/files-2.1/org.checkerframework/checker-qual/3.33.0/de2b60b62da487644fc11f734e73c8b0b431238f/checker-qual-3.33.0.jar
[Architectury Transformer DEBUG]  - /media/crystalneko/enkoo/java/JustARod/.gradle-home/caches/modules-2/files-2.1/com.google.errorprone/error_prone_annotations/2.18.0/89b684257096f548fa39a7df9fdaa409d4d4df91/error_prone_annotations-2.18.0.jar
[Architectury Transformer DEBUG]  - /media/crystalneko/enkoo/java/JustARod/.gradle-home/caches/modules-2/files-2.1/com.google.j2objc/j2objc-annotations/2.8/c85270e307e7b822f1086b93689124b89768e273/j2objc-annotations-2.8.jar
[Architectury Transformer DEBUG]  - /media/crystalneko/enkoo/java/JustARod/.gradle-home/caches/modules-2/files-2.1/com.google.code.gson/gson/2.10.1/b3add478d4382b78ea20b1671390a858002feb6c/gson-2.10.1.jar
[Architectury Transformer DEBUG]  - /media/crystalneko/enkoo/java/JustARod/.gradle-home/caches/modules-2/files-2.1/org.codehaus.plexus/plexus-utils/3.3.0/cf43b5391de623b36fe066a21127baef82c64022/plexus-utils-3.3.0.jar
[Architectury Transformer DEBUG]  - /media/crystalneko/enkoo/java/JustARod/.gradle-home/caches/modules-2/files-2.1/org.lwjgl/lwjgl-glfw/3.3.3/efa1eb78c5ccd840e9f329717109b5e892d72f8e/lwjgl-glfw-3.3.3.jar
[Architectury Transformer DEBUG]  - /media/crystalneko/enkoo/java/JustARod/.gradle-home/caches/modules-2/files-2.1/org.lwjgl/lwjgl-opengl/3.3.3/2f6b0147078396a58979125a4c947664e98293a/lwjgl-opengl-3.3.3.jar
[Architectury Transformer DEBUG]  - /media/crystalneko/enkoo/java/JustARod/.gradle-home/caches/modules-2/files-2.1/org.lwjgl/lwjgl-stb/3.3.3/25dd6161988d7e65f71d5065c99902402ee32746/lwjgl-stb-3.3.3.jar
[Architectury Transformer DEBUG]  - /media/crystalneko/enkoo/java/JustARod/.gradle-home/caches/modules-2/files-2.1/org.lwjgl/lwjgl-tinyfd/3.3.3/82d755ca94b102e9ca77283b9e2dc46d1b15fbe5/lwjgl-tinyfd-3.3.3.jar
[Architectury Transformer DEBUG]  - /media/crystalneko/enkoo/java/JustARod/.gradle-home/caches/modules-2/files-2.1/org.lwjgl/lwjgl/3.3.3/29589b5f87ed335a6c7e7ee6a5775f81f97ecb84/lwjgl-3.3.3.jar
[Architectury Transformer DEBUG]  - /media/crystalneko/enkoo/java/JustARod/.gradle-home/caches/modules-2/files-2.1/com.github.oshi/oshi-core/6.4.10/b1d8ab82d11d92fd639b56d639f8f46f739dd5fa/oshi-core-6.4.10.jar
[Architectury Transformer DEBUG]  - /media/crystalneko/enkoo/java/JustARod/.gradle-home/caches/modules-2/files-2.1/com.ibm.icu/icu4j/73.2/61ad4ef7f9131fcf6d25c34b817f90d6da06c9e9/icu4j-73.2.jar
[Architectury Transformer DEBUG]  - /media/crystalneko/enkoo/java/JustARod/.gradle-home/caches/modules-2/files-2.1/com.mojang/authlib/6.0.54/de8bc95660e1b2fe8793fd427a7a10dcec5b3ea7/authlib-6.0.54.jar
[Architectury Transformer DEBUG]  - /media/crystalneko/enkoo/java/JustARod/.gradle-home/caches/modules-2/files-2.1/com.mojang/blocklist/1.0.10/5c685c5ffa94c4cd39496c7184c1d122e515ecef/blocklist-1.0.10.jar
[Architectury Transformer DEBUG]  - /media/crystalneko/enkoo/java/JustARod/.gradle-home/caches/modules-2/files-2.1/com.mojang/brigadier/1.3.10/d15b53a14cf20fdcaa98f731af5dda654452c010/brigadier-1.3.10.jar
[Architectury Transformer DEBUG]  - /media/crystalneko/enkoo/java/JustARod/.gradle-home/caches/modules-2/files-2.1/com.mojang/datafixerupper/8.0.16/67d4de6d7f95d89bcf5862995fb854ebaec02a34/datafixerupper-8.0.16.jar
[Architectury Transformer DEBUG]  - /media/crystalneko/enkoo/java/JustARod/.gradle-home/caches/modules-2/files-2.1/com.mojang/patchy/2.2.10/da05971b07cbb379d002cf7eaec6a2048211fefc/patchy-2.2.10.jar
[Architectury Transformer DEBUG]  - /media/crystalneko/enkoo/java/JustARod/.gradle-home/caches/modules-2/files-2.1/com.mojang/text2speech/1.17.9/3cad216e3a7f0c19b4b394388bc9ffc446f13b14/text2speech-1.17.9.jar
[Architectury Transformer DEBUG]  - /media/crystalneko/enkoo/java/JustARod/.gradle-home/caches/modules-2/files-2.1/commons-codec/commons-codec/1.16.0/4e3eb3d79888d76b54e28b350915b5dc3919c9de/commons-codec-1.16.0.jar
[Architectury Transformer DEBUG]  - /media/crystalneko/enkoo/java/JustARod/.gradle-home/caches/modules-2/files-2.1/commons-logging/commons-logging/1.2/4bfc12adfe4842bf07b657f0369c4cb522955686/commons-logging-1.2.jar
[Architectury Transformer DEBUG]  - /media/crystalneko/enkoo/java/JustARod/.gradle-home/caches/modules-2/files-2.1/io.netty/netty-buffer/4.1.97.Final/f8f3d8644afa5e6e1a40a3a6aeb9d9aa970ecb4f/netty-buffer-4.1.97.Final.jar
[Architectury Transformer DEBUG]  - /media/crystalneko/enkoo/java/JustARod/.gradle-home/caches/modules-2/files-2.1/io.netty/netty-codec/4.1.97.Final/384ba4d75670befbedb45c4d3b497a93639c206d/netty-codec-4.1.97.Final.jar
[Architectury Transformer DEBUG]  - /media/crystalneko/enkoo/java/JustARod/.gradle-home/caches/modules-2/files-2.1/io.netty/netty-common/4.1.97.Final/7cceacaf11df8dc63f23d0fb58e9d4640fc88404/netty-common-4.1.97.Final.jar
[Architectury Transformer DEBUG]  - /media/crystalneko/enkoo/java/JustARod/.gradle-home/caches/modules-2/files-2.1/io.netty/netty-handler/4.1.97.Final/abb86c6906bf512bf2b797a41cd7d2e8d3cd7c36/netty-handler-4.1.97.Final.jar
[Architectury Transformer DEBUG]  - /media/crystalneko/enkoo/java/JustARod/.gradle-home/caches/modules-2/files-2.1/io.netty/netty-resolver/4.1.97.Final/cec8348108dc76c47cf87c669d514be52c922144/netty-resolver-4.1.97.Final.jar
[Architectury Transformer DEBUG]  - /media/crystalneko/enkoo/java/JustARod/.gradle-home/caches/modules-2/files-2.1/io.netty/netty-transport-classes-epoll/4.1.97.Final/795da37ded759e862457a82d9d92c4d39ce8ecee/netty-transport-classes-epoll-4.1.97.Final.jar
[Architectury Transformer DEBUG]  - /media/crystalneko/enkoo/java/JustARod/.gradle-home/caches/modules-2/files-2.1/io.netty/netty-transport-native-epoll/4.1.97.Final/5514744c588190ffda076b35a9b8c9f24946a960/netty-transport-native-epoll-4.1.97.Final-linux-aarch_64.jar
[Architectury Transformer DEBUG]  - /media/crystalneko/enkoo/java/JustARod/.gradle-home/caches/modules-2/files-2.1/io.netty/netty-transport-native-epoll/4.1.97.Final/54188f271e388e7f313aea995e82f58ce2cdb809/netty-transport-native-epoll-4.1.97.Final-linux-x86_64.jar
[Architectury Transformer DEBUG]  - /media/crystalneko/enkoo/java/JustARod/.gradle-home/caches/modules-2/files-2.1/io.netty/netty-transport-native-unix-common/4.1.97.Final/d469d84265ab70095b01b40886cabdd433b6e664/netty-transport-native-unix-common-4.1.97.Final.jar
[Architectury Transformer DEBUG]  - /media/crystalneko/enkoo/java/JustARod/.gradle-home/caches/modules-2/files-2.1/io.netty/netty-transport/4.1.97.Final/f37380d23c9bb079bc702910833b2fd532c9abd0/netty-transport-4.1.97.Final.jar
[Architectury Transformer DEBUG]  - /media/crystalneko/enkoo/java/JustARod/.gradle-home/caches/modules-2/files-2.1/it.unimi.dsi/fastutil/8.5.12/c24946d46824bd528054bface3231d2ecb7e95e8/fastutil-8.5.12.jar
[Architectury Transformer DEBUG]  - /media/crystalneko/enkoo/java/JustARod/.gradle-home/caches/modules-2/files-2.1/net.java.dev.jna/jna-platform/5.14.0/28934d48aed814f11e4c584da55c49fa7032b31b/jna-platform-5.14.0.jar
[Architectury Transformer DEBUG]  - /media/crystalneko/enkoo/java/JustARod/.gradle-home/caches/modules-2/files-2.1/net.java.dev.jna/jna/5.14.0/67bf3eaea4f0718cb376a181a629e5f88fa1c9dd/jna-5.14.0.jar
[Architectury Transformer DEBUG]  - /media/crystalneko/enkoo/java/JustARod/.gradle-home/caches/modules-2/files-2.1/org.apache.commons/commons-compress/1.26.0/659feffdd12280201c8aacb8f7be94f9a883c824/commons-compress-1.26.0.jar
[Architectury Transformer DEBUG]  - /media/crystalneko/enkoo/java/JustARod/.gradle-home/caches/modules-2/files-2.1/org.apache.httpcomponents/httpclient/4.5.13/e5f6cae5ca7ecaac1ec2827a9e2d65ae2869cada/httpclient-4.5.13.jar
[Architectury Transformer DEBUG]  - /media/crystalneko/enkoo/java/JustARod/.gradle-home/caches/modules-2/files-2.1/org.apache.httpcomponents/httpcore/4.4.16/51cf043c87253c9f58b539c9f7e44c8894223850/httpcore-4.4.16.jar
[Architectury Transformer DEBUG]  - /media/crystalneko/enkoo/java/JustARod/.gradle-home/caches/modules-2/files-2.1/org.jcraft/jorbis/0.0.17/8872d22b293e8f5d7d56ff92be966e6dc28ebdc6/jorbis-0.0.17.jar
[Architectury Transformer DEBUG]  - /media/crystalneko/enkoo/java/JustARod/.gradle-home/caches/modules-2/files-2.1/org.joml/joml/1.10.5/22566d58af70ad3d72308bab63b8339906deb649/joml-1.10.5.jar
[Architectury Transformer DEBUG]  - /media/crystalneko/enkoo/java/JustARod/.gradle-home/caches/modules-2/files-2.1/org.lwjgl/lwjgl-freetype/3.3.3/a0db6c84a8becc8ca05f9dbfa985edc348a824c7/lwjgl-freetype-3.3.3.jar
[Architectury Transformer DEBUG]  - /media/crystalneko/enkoo/java/JustARod/.gradle-home/caches/modules-2/files-2.1/org.lwjgl/lwjgl-jemalloc/3.3.3/b543467b7ff3c6920539a88ee602d34098628be5/lwjgl-jemalloc-3.3.3.jar
[Architectury Transformer DEBUG]  - /media/crystalneko/enkoo/java/JustARod/.gradle-home/caches/modules-2/files-2.1/org.lwjgl/lwjgl-openal/3.3.3/daada81ceb5fc0c291fbfdd4433cb8d9423577f2/lwjgl-openal-3.3.3.jar
[Architectury Transformer DEBUG]  - /media/crystalneko/enkoo/java/JustARod/.gradle-home/caches/modules-2/files-2.1/org.lz4/lz4-java/1.8.0/4b986a99445e49ea5fbf5d149c4b63f6ed6c6780/lz4-java-1.8.0.jar
[Architectury Transformer DEBUG]  - /media/crystalneko/enkoo/java/JustARod/.gradle/loom-cache/minecraftMaven/net/minecraft/neoforge-21.1.248-minecraft-merged-55e390635d/1.21.1-loom.mappings.1_21_1.layered+hash.40359-v2-neoforge-21.1.248/neoforge-21.1.248-minecraft-merged-55e390635d-1.21.1-loom.mappings.1_21_1.layered+hash.40359-v2-neoforge-21.1.248.jar
[Architectury Transformer DEBUG]  - /media/crystalneko/enkoo/java/JustARod/.gradle/loom-cache/remapped_mods/loom_mappings_1_21_1_layered_hash_40359_v2_neoforge_21_1_248_forge/org/sinytra/forgified-fabric-api/forgified-fabric-api/0.116.15+2.3.4+1.21.1/forgified-fabric-api-0.116.15+2.3.4+1.21.1.jar
[Architectury Transformer DEBUG]  - /media/crystalneko/enkoo/java/JustARod/.gradle/loom-cache/remapped_mods/loom_mappings_1_21_1_layered_hash_40359_v2_neoforge_21_1_248_forge/software/bernie/geckolib/geckolib-neoforge-1.21.1/4.8.3/geckolib-neoforge-1.21.1-4.8.3.jar
[Architectury Transformer DEBUG]  - /media/crystalneko/enkoo/java/JustARod/.gradle/loom-cache/remapped_mods/loom_mappings_1_21_1_layered_hash_40359_v2_neoforge_21_1_248_forge/org/sinytra/forgified-fabric-api/fabric-api-base/0.4.42+d1308ded19/fabric-api-base-0.4.42+d1308ded19.jar
[Architectury Transformer DEBUG]  - /media/crystalneko/enkoo/java/JustARod/.gradle/loom-cache/remapped_mods/loom_mappings_1_21_1_layered_hash_40359_v2_neoforge_21_1_248_forge/org/sinytra/forgified-fabric-api/fabric-api-lookup-api-v1/1.6.72+6244b11119/fabric-api-lookup-api-v1-1.6.72+6244b11119.jar
[Architectury Transformer DEBUG]  - /media/crystalneko/enkoo/java/JustARod/.gradle/loom-cache/remapped_mods/loom_mappings_1_21_1_layered_hash_40359_v2_neoforge_21_1_248_forge/org/sinytra/forgified-fabric-api/fabric-biome-api-v1/13.0.31+1e62d33c19/fabric-biome-api-v1-13.0.31+1e62d33c19.jar
[Architectury Transformer DEBUG]  - /media/crystalneko/enkoo/java/JustARod/.gradle/loom-cache/remapped_mods/loom_mappings_1_21_1_layered_hash_40359_v2_neoforge_21_1_248_forge/org/sinytra/forgified-fabric-api/fabric-block-api-v1/1.1.0+b0c22bb819/fabric-block-api-v1-1.1.0+b0c22bb819.jar
[Architectury Transformer DEBUG]  - /media/crystalneko/enkoo/java/JustARod/.gradle/loom-cache/remapped_mods/loom_mappings_1_21_1_layered_hash_40359_v2_neoforge_21_1_248_forge/org/sinytra/forgified-fabric-api/fabric-block-view-api-v2/1.0.11+e9036fd419/fabric-block-view-api-v2-1.0.11+e9036fd419.jar
[Architectury Transformer DEBUG]  - /media/crystalneko/enkoo/java/JustARod/.gradle/loom-cache/remapped_mods/loom_mappings_1_21_1_layered_hash_40359_v2_neoforge_21_1_248_forge/org/sinytra/forgified-fabric-api/fabric-blockrenderlayer-v1/1.1.52+c290471319/fabric-blockrenderlayer-v1-1.1.52+c290471319.jar
[Architectury Transformer DEBUG]  - /media/crystalneko/enkoo/java/JustARod/.gradle/loom-cache/remapped_mods/loom_mappings_1_21_1_layered_hash_40359_v2_neoforge_21_1_248_forge/org/sinytra/forgified-fabric-api/fabric-client-tags-api-v1/1.2.0+5adff2d719/fabric-client-tags-api-v1-1.2.0+5adff2d719.jar
[Architectury Transformer DEBUG]  - /media/crystalneko/enkoo/java/JustARod/.gradle/loom-cache/remapped_mods/loom_mappings_1_21_1_layered_hash_40359_v2_neoforge_21_1_248_forge/org/sinytra/forgified-fabric-api/fabric-command-api-v2/2.2.28+36d727be19/fabric-command-api-v2-2.2.28+36d727be19.jar
[Architectury Transformer DEBUG]  - /media/crystalneko/enkoo/java/JustARod/.gradle/loom-cache/remapped_mods/loom_mappings_1_21_1_layered_hash_40359_v2_neoforge_21_1_248_forge/org/sinytra/forgified-fabric-api/fabric-content-registries-v0/8.0.19+5e0d320019/fabric-content-registries-v0-8.0.19+5e0d320019.jar
[Architectury Transformer DEBUG]  - /media/crystalneko/enkoo/java/JustARod/.gradle/loom-cache/remapped_mods/loom_mappings_1_21_1_layered_hash_40359_v2_neoforge_21_1_248_forge/org/sinytra/forgified-fabric-api/fabric-convention-tags-v2/2.12.0+75d3639619/fabric-convention-tags-v2-2.12.0+75d3639619.jar
[Architectury Transformer DEBUG]  - /media/crystalneko/enkoo/java/JustARod/.gradle/loom-cache/remapped_mods/loom_mappings_1_21_1_layered_hash_40359_v2_neoforge_21_1_248_forge/org/sinytra/forgified-fabric-api/fabric-data-attachment-api-v1/1.4.7+26d408aa19/fabric-data-attachment-api-v1-1.4.7+26d408aa19.jar
[Architectury Transformer DEBUG]  - /media/crystalneko/enkoo/java/JustARod/.gradle/loom-cache/remapped_mods/loom_mappings_1_21_1_layered_hash_40359_v2_neoforge_21_1_248_forge/org/sinytra/forgified-fabric-api/fabric-data-generation-api-v1/20.3.0+3e2bcb4b19/fabric-data-generation-api-v1-20.3.0+3e2bcb4b19.jar
[Architectury Transformer DEBUG]  - /media/crystalneko/enkoo/java/JustARod/.gradle/loom-cache/remapped_mods/loom_mappings_1_21_1_layered_hash_40359_v2_neoforge_21_1_248_forge/org/sinytra/forgified-fabric-api/fabric-entity-events-v1/1.8.0+e46a02ca19/fabric-entity-events-v1-1.8.0+e46a02ca19.jar
[Architectury Transformer DEBUG]  - /media/crystalneko/enkoo/java/JustARod/.gradle/loom-cache/remapped_mods/loom_mappings_1_21_1_layered_hash_40359_v2_neoforge_21_1_248_forge/org/sinytra/forgified-fabric-api/fabric-events-interaction-v0/0.7.14+057f5afd19/fabric-events-interaction-v0-0.7.14+057f5afd19.jar
[Architectury Transformer DEBUG]  - /media/crystalneko/enkoo/java/JustARod/.gradle/loom-cache/remapped_mods/loom_mappings_1_21_1_layered_hash_40359_v2_neoforge_21_1_248_forge/org/sinytra/forgified-fabric-api/fabric-game-rule-api-v1/1.0.53+36d727be19/fabric-game-rule-api-v1-1.0.53+36d727be19.jar
[Architectury Transformer DEBUG]  - /media/crystalneko/enkoo/java/JustARod/.gradle/loom-cache/remapped_mods/loom_mappings_1_21_1_layered_hash_40359_v2_neoforge_21_1_248_forge/org/sinytra/forgified-fabric-api/fabric-gametest-api-v1/2.0.5+29f188ce19/fabric-gametest-api-v1-2.0.5+29f188ce19.jar
[Architectury Transformer DEBUG]  - /media/crystalneko/enkoo/java/JustARod/.gradle/loom-cache/remapped_mods/loom_mappings_1_21_1_layered_hash_40359_v2_neoforge_21_1_248_forge/org/sinytra/forgified-fabric-api/fabric-item-api-v1/11.3.0+766f218719/fabric-item-api-v1-11.3.0+766f218719.jar
[Architectury Transformer DEBUG]  - /media/crystalneko/enkoo/java/JustARod/.gradle/loom-cache/remapped_mods/loom_mappings_1_21_1_layered_hash_40359_v2_neoforge_21_1_248_forge/org/sinytra/forgified-fabric-api/fabric-item-group-api-v1/4.1.7+e324903319/fabric-item-group-api-v1-4.1.7+e324903319.jar
[Architectury Transformer DEBUG]  - /media/crystalneko/enkoo/java/JustARod/.gradle/loom-cache/remapped_mods/loom_mappings_1_21_1_layered_hash_40359_v2_neoforge_21_1_248_forge/org/sinytra/forgified-fabric-api/fabric-key-binding-api-v1/1.0.47+62cc7ce119/fabric-key-binding-api-v1-1.0.47+62cc7ce119.jar
[Architectury Transformer DEBUG]  - /media/crystalneko/enkoo/java/JustARod/.gradle/loom-cache/remapped_mods/loom_mappings_1_21_1_layered_hash_40359_v2_neoforge_21_1_248_forge/org/sinytra/forgified-fabric-api/fabric-lifecycle-events-v1/2.6.0+e40d8add19/fabric-lifecycle-events-v1-2.6.0+e40d8add19.jar
[Architectury Transformer DEBUG]  - /media/crystalneko/enkoo/java/JustARod/.gradle/loom-cache/remapped_mods/loom_mappings_1_21_1_layered_hash_40359_v2_neoforge_21_1_248_forge/org/sinytra/forgified-fabric-api/fabric-loot-api-v3/1.0.3+333dfad919/fabric-loot-api-v3-1.0.3+333dfad919.jar
[Architectury Transformer DEBUG]  - /media/crystalneko/enkoo/java/JustARod/.gradle/loom-cache/remapped_mods/loom_mappings_1_21_1_layered_hash_40359_v2_neoforge_21_1_248_forge/org/sinytra/forgified-fabric-api/fabric-message-api-v1/6.0.14+6a754fce19/fabric-message-api-v1-6.0.14+6a754fce19.jar
[Architectury Transformer DEBUG]  - /media/crystalneko/enkoo/java/JustARod/.gradle/loom-cache/remapped_mods/loom_mappings_1_21_1_layered_hash_40359_v2_neoforge_21_1_248_forge/org/sinytra/forgified-fabric-api/fabric-model-loading-api-v1/2.1.0+6e8f52c719/fabric-model-loading-api-v1-2.1.0+6e8f52c719.jar
[Architectury Transformer DEBUG]  - /media/crystalneko/enkoo/java/JustARod/.gradle/loom-cache/remapped_mods/loom_mappings_1_21_1_layered_hash_40359_v2_neoforge_21_1_248_forge/org/sinytra/forgified-fabric-api/fabric-networking-api-v1/4.3.1+7e3d421f19/fabric-networking-api-v1-4.3.1+7e3d421f19.jar
[Architectury Transformer DEBUG]  - /media/crystalneko/enkoo/java/JustARod/.gradle/loom-cache/remapped_mods/loom_mappings_1_21_1_layered_hash_40359_v2_neoforge_21_1_248_forge/org/sinytra/forgified-fabric-api/fabric-object-builder-api-v1/15.2.1+cc242efd19/fabric-object-builder-api-v1-15.2.1+cc242efd19.jar
[Architectury Transformer DEBUG]  - /media/crystalneko/enkoo/java/JustARod/.gradle/loom-cache/remapped_mods/loom_mappings_1_21_1_layered_hash_40359_v2_neoforge_21_1_248_forge/org/sinytra/forgified-fabric-api/fabric-particles-v1/4.0.2+824f924c19/fabric-particles-v1-4.0.2+824f924c19.jar
[Architectury Transformer DEBUG]  - /media/crystalneko/enkoo/java/JustARod/.gradle/loom-cache/remapped_mods/loom_mappings_1_21_1_layered_hash_40359_v2_neoforge_21_1_248_forge/org/sinytra/forgified-fabric-api/fabric-recipe-api-v1/5.0.16+59440bcc19/fabric-recipe-api-v1-5.0.16+59440bcc19.jar
[Architectury Transformer DEBUG]  - /media/crystalneko/enkoo/java/JustARod/.gradle/loom-cache/remapped_mods/loom_mappings_1_21_1_layered_hash_40359_v2_neoforge_21_1_248_forge/org/sinytra/forgified-fabric-api/fabric-registry-sync-v0/5.3.2+f9aace1619/fabric-registry-sync-v0-5.3.2+f9aace1619.jar
[Architectury Transformer DEBUG]  - /media/crystalneko/enkoo/java/JustARod/.gradle/loom-cache/remapped_mods/loom_mappings_1_21_1_layered_hash_40359_v2_neoforge_21_1_248_forge/org/sinytra/forgified-fabric-api/fabric-renderer-api-v1/3.4.1+9125b6dc19/fabric-renderer-api-v1-3.4.1+9125b6dc19.jar
[Architectury Transformer DEBUG]  - /media/crystalneko/enkoo/java/JustARod/.gradle/loom-cache/remapped_mods/loom_mappings_1_21_1_layered_hash_40359_v2_neoforge_21_1_248_forge/org/sinytra/forgified-fabric-api/fabric-renderer-indigo/1.7.1+9125b6dc19/fabric-renderer-indigo-1.7.1+9125b6dc19.jar
[Architectury Transformer DEBUG]  - /media/crystalneko/enkoo/java/JustARod/.gradle/loom-cache/remapped_mods/loom_mappings_1_21_1_layered_hash_40359_v2_neoforge_21_1_248_forge/org/sinytra/forgified-fabric-api/fabric-rendering-fluids-v1/3.1.6+ddc51b4719/fabric-rendering-fluids-v1-3.1.6+ddc51b4719.jar
[Architectury Transformer DEBUG]  - /media/crystalneko/enkoo/java/JustARod/.gradle/loom-cache/remapped_mods/loom_mappings_1_21_1_layered_hash_40359_v2_neoforge_21_1_248_forge/org/sinytra/forgified-fabric-api/fabric-rendering-v1/5.1.0+1a09bd5a19/fabric-rendering-v1-5.1.0+1a09bd5a19.jar
[Architectury Transformer DEBUG]  - /media/crystalneko/enkoo/java/JustARod/.gradle/loom-cache/remapped_mods/loom_mappings_1_21_1_layered_hash_40359_v2_neoforge_21_1_248_forge/org/sinytra/forgified-fabric-api/fabric-resource-conditions-api-v1/4.3.0+5bdd099819/fabric-resource-conditions-api-v1-4.3.0+5bdd099819.jar
[Architectury Transformer DEBUG]  - /media/crystalneko/enkoo/java/JustARod/.gradle/loom-cache/remapped_mods/loom_mappings_1_21_1_layered_hash_40359_v2_neoforge_21_1_248_forge/org/sinytra/forgified-fabric-api/fabric-resource-loader-v0/1.3.1+4ea8954419/fabric-resource-loader-v0-1.3.1+4ea8954419.jar
[Architectury Transformer DEBUG]  - /media/crystalneko/enkoo/java/JustARod/.gradle/loom-cache/remapped_mods/loom_mappings_1_21_1_layered_hash_40359_v2_neoforge_21_1_248_forge/org/sinytra/forgified-fabric-api/fabric-screen-api-v1/2.0.26+9991ca2f19/fabric-screen-api-v1-2.0.26+9991ca2f19.jar
[Architectury Transformer DEBUG]  - /media/crystalneko/enkoo/java/JustARod/.gradle/loom-cache/remapped_mods/loom_mappings_1_21_1_layered_hash_40359_v2_neoforge_21_1_248_forge/org/sinytra/forgified-fabric-api/fabric-screen-handler-api-v1/1.3.91+8dbc56dd19/fabric-screen-handler-api-v1-1.3.91+8dbc56dd19.jar
[Architectury Transformer DEBUG]  - /media/crystalneko/enkoo/java/JustARod/.gradle/loom-cache/remapped_mods/loom_mappings_1_21_1_layered_hash_40359_v2_neoforge_21_1_248_forge/org/sinytra/forgified-fabric-api/fabric-sound-api-v1/1.0.23+10b84f8419/fabric-sound-api-v1-1.0.23+10b84f8419.jar
[Architectury Transformer DEBUG]  - /media/crystalneko/enkoo/java/JustARod/.gradle/loom-cache/remapped_mods/loom_mappings_1_21_1_layered_hash_40359_v2_neoforge_21_1_248_forge/org/sinytra/forgified-fabric-api/fabric-tag-api-v1/1.3.0+3e2bcb4b19/fabric-tag-api-v1-1.3.0+3e2bcb4b19.jar
[Architectury Transformer DEBUG]  - /media/crystalneko/enkoo/java/JustARod/.gradle/loom-cache/remapped_mods/loom_mappings_1_21_1_layered_hash_40359_v2_neoforge_21_1_248_forge/org/sinytra/forgified-fabric-api/fabric-transfer-api-v1/5.4.4+6244b11119/fabric-transfer-api-v1-5.4.4+6244b11119.jar
[Architectury Transformer DEBUG]  - /media/crystalneko/enkoo/java/JustARod/.gradle/loom-cache/remapped_mods/loom_mappings_1_21_1_layered_hash_40359_v2_neoforge_21_1_248_forge/org/sinytra/forgified-fabric-api/fabric-transitive-access-wideners-v1/6.2.0+6c854b6f19/fabric-transitive-access-wideners-v1-6.2.0+6c854b6f19.jar
[Architectury Transformer DEBUG]  - /media/crystalneko/enkoo/java/JustARod/.gradle/loom-cache/remapped_mods/loom_mappings_1_21_1_layered_hash_40359_v2_neoforge_21_1_248_forge/org/sinytra/forgified-fabric-api/fabric-convention-tags-v1/2.1.7+7f945d5b19/fabric-convention-tags-v1-2.1.7+7f945d5b19.jar
[Architectury Transformer DEBUG]  - /media/crystalneko/enkoo/java/JustARod/.gradle/loom-cache/remapped_mods/loom_mappings_1_21_1_layered_hash_40359_v2_neoforge_21_1_248_forge/org/sinytra/forgified-fabric-api/fabric-loot-api-v2/3.0.15+a3ee712d19/fabric-loot-api-v2-3.0.15+a3ee712d19.jar
[Architectury Transformer DEBUG]  - /media/crystalneko/enkoo/java/JustARod/.gradle/loom-cache/remapped_mods/loom_mappings_1_21_1_layered_hash_40359_v2_neoforge_21_1_248_forge/org/sinytra/forgified-fabric-api/fabric-renderer-registries-v1/3.2.69+df3654b319/fabric-renderer-registries-v1-3.2.69+df3654b319.jar
[Architectury Transformer DEBUG]  - /media/crystalneko/enkoo/java/JustARod/.gradle/loom-cache/remapped_mods/loom_mappings_1_21_1_layered_hash_40359_v2_neoforge_21_1_248_forge/org/sinytra/forgified-fabric-api/fabric-rendering-data-attachment-v1/0.3.49+73761d2e19/fabric-rendering-data-attachment-v1-0.3.49+73761d2e19.jar
[Architectury Transformer DEBUG]  - /media/crystalneko/enkoo/java/JustARod/.gradle-home/caches/modules-2/files-2.1/thedarkcolour/kfflang-neoforge/5.12.0/fe2a44ee01ffe868939dbaef15e15393e74980ee/kfflang-neoforge-5.12.0.jar
[Architectury Transformer DEBUG]  - /media/crystalneko/enkoo/java/JustARod/.gradle-home/caches/modules-2/files-2.1/thedarkcolour/kfflib-neoforge/5.12.0/52db8b8da5234c47936758e9e0d1174a1723a371/kfflib-neoforge-5.12.0.jar
[Architectury Transformer DEBUG]  - /media/crystalneko/enkoo/java/JustARod/.gradle-home/caches/modules-2/files-2.1/thedarkcolour/kffmod-neoforge/5.12.0/451bfb7562d1386cd5c8899815564543c6ec8d9d/kffmod-neoforge-5.12.0.jar
[Architectury Transformer] Read classpath in 942.9 ms
[Architectury Transformer DEBUG] Closed File Systems for /media/crystalneko/enkoo/java/JustARod/common/build/devlibs/JustARod-common-0.2.2-dev.jar
[Architectury Transformer DEBUG] Transforming 6 transformer(s) from /media/crystalneko/enkoo/java/JustARod/common/build/devlibs/JustARod-common-0.2.2-dev.jar to /tmp/13389206714268578995.jar: 
[Architectury Transformer DEBUG]  - dev.architectury.transformer.transformers.TransformExpectPlatform@51c693d
[Architectury Transformer DEBUG]  - dev.architectury.transformer.transformers.RemapInjectables@6a57ae10
[Architectury Transformer DEBUG]  - dev.architectury.transformer.transformers.TransformPlatformOnly@766653e6
[Architectury Transformer DEBUG]  - dev.architectury.transformer.transformers.TransformNeoForgeAnnotations@4e07b95f
[Architectury Transformer DEBUG]  - dev.architectury.transformer.transformers.TransformNeoForgeEnvironment@28b46423
[Architectury Transformer DEBUG]  - dev.architectury.transformer.transformers.GenerateFakeNeoForgeMod@7fc4780b
[Architectury Transformer DEBUG] Transforming from /media/crystalneko/enkoo/java/JustARod/common/build/devlibs/JustARod-common-0.2.2-dev.jar to /tmp/13389206714268578995.jar with 6 transformer(s) on dev.architectury.transformer.handler.SimpleTransformerHandler
[Architectury Transformer DEBUG] Remapping with 1 mapping provider(s):
[Architectury Transformer DEBUG]  - dev.architectury.transformer.transformers.TransformNeoForgeEnvironment$$Lambda/0x000076b00002fbf0@4a3631f8
[Architectury Transformer DEBUG] Remapping Classes:
[Architectury Transformer DEBUG] net/fabricmc/api/EnvType -> net/neoforged/api/distmarker/Dist
[Architectury Transformer DEBUG] net/fabricmc/api/Environment -> net/neoforged/api/distmarker/OnlyIn
[Architectury Transformer DEBUG] Found class transformer
[Architectury Transformer DEBUG] Writing org/cneko/justarod/JREnchantments with maxs=true frames=true
[Architectury Transformer DEBUG] Writing org/cneko/justarod/JRUtil$Companion with maxs=true frames=true
[Architectury Transformer DEBUG] Writing org/cneko/justarod/JRUtil with maxs=true frames=true
[Architectury Transformer DEBUG] Writing org/cneko/justarod/JRAttributes with maxs=true frames=true
[Architectury Transformer DEBUG] Writing org/cneko/justarod/JRCriteria with maxs=true frames=true
[Architectury Transformer DEBUG] Writing org/cneko/justarod/Justarod with maxs=true frames=true
[Architectury Transformer DEBUG] Writing org/cneko/justarod/JRAttributes$Companion with maxs=true frames=true
[Architectury Transformer DEBUG] Writing org/cneko/justarod/damage/SexualExcitement with maxs=true frames=true
[Architectury Transformer DEBUG] Writing org/cneko/justarod/damage/KilledByIcedTea with maxs=true frames=true
[Architectury Transformer DEBUG] Writing org/cneko/justarod/damage/KilledByParonychia with maxs=true frames=true
[Architectury Transformer DEBUG] Writing org/cneko/justarod/damage/JRDamageTypes with maxs=true frames=true
[Architectury Transformer DEBUG] Writing org/cneko/justarod/damage/KilledByGrass with maxs=true frames=true
[Architectury Transformer DEBUG] Writing org/cneko/justarod/entity/Pregnant with maxs=true frames=true
[Architectury Transformer DEBUG] Writing org/cneko/justarod/entity/SeeeeexNekoEntity with maxs=true frames=true
[Architectury Transformer DEBUG] Writing org/cneko/justarod/entity/RodEntity with maxs=true frames=true
[Architectury Transformer DEBUG] Writing org/cneko/justarod/entity/Powerable with maxs=true frames=true
[Architectury Transformer DEBUG] Writing org/cneko/justarod/entity/LoliNekoEntity$Companion with maxs=true frames=true
[Architectury Transformer DEBUG] Writing org/cneko/justarod/entity/Fallible with maxs=true frames=true
[Architectury Transformer DEBUG] Writing org/cneko/justarod/entity/BDSMable with maxs=true frames=true
[Architectury Transformer DEBUG] Writing org/cneko/justarod/entity/LoliNekoEntity with maxs=true frames=true
[Architectury Transformer DEBUG] Writing org/cneko/justarod/entity/IcedTeaProjectileEntity with maxs=true frames=true
[Architectury Transformer DEBUG] Writing org/cneko/justarod/entity/Sexual with maxs=true frames=true
[Architectury Transformer DEBUG] Writing org/cneko/justarod/entity/JREntities with maxs=true frames=true
[Architectury Transformer DEBUG] Writing org/cneko/justarod/entity/SeeeeexNekoEntity$Companion with maxs=true frames=true
[Architectury Transformer DEBUG] Writing org/cneko/justarod/entity/RodEntity$Companion with maxs=true frames=true
[Architectury Transformer DEBUG] Writing org/cneko/justarod/entity/Pregnant$MenstruationCycle with maxs=true frames=true
[Architectury Transformer DEBUG] Writing org/cneko/justarod/entity/Insertable with maxs=true frames=true
[Architectury Transformer DEBUG] Writing org/cneko/justarod/entity/ai/SuckMilkGoal with maxs=true frames=true
[Architectury Transformer DEBUG] Writing org/cneko/justarod/entity/ai/SexualIntercourseGoal with maxs=true frames=true
[Architectury Transformer DEBUG] Writing org/cneko/justarod/packet/JRSyncPayload with maxs=true frames=true
[Architectury Transformer DEBUG] Writing org/cneko/justarod/packet/RavennPassiveMatingPayload with maxs=true frames=true
[Architectury Transformer DEBUG] Writing org/cneko/justarod/packet/FullHeatPayload with maxs=true frames=true
[Architectury Transformer DEBUG] Writing org/cneko/justarod/packet/JRPackets with maxs=true frames=true
[Architectury Transformer DEBUG] Writing org/cneko/justarod/packet/MedicalPayload with maxs=true frames=true
[Architectury Transformer DEBUG] Writing org/cneko/justarod/packet/FrictionPayload with maxs=true frames=true
[Architectury Transformer DEBUG] Writing org/cneko/justarod/packet/XRayScanScreenPayload with maxs=true frames=true
[Architectury Transformer DEBUG] Writing org/cneko/justarod/packet/BDSMPayload with maxs=true frames=true
[Architectury Transformer DEBUG] Writing org/cneko/justarod/packet/MatePayload with maxs=true frames=true
[Architectury Transformer DEBUG] Writing org/cneko/justarod/packet/PassiveMatingPayload with maxs=true frames=true
[Architectury Transformer DEBUG] Writing org/cneko/justarod/datagen/AdvanceProvider with maxs=true frames=true
[Architectury Transformer DEBUG] Writing org/cneko/justarod/datagen/JRDataGen with maxs=true frames=true
[Architectury Transformer DEBUG] Writing org/cneko/justarod/command/PregnantCommand$Companion with maxs=true frames=true
[Architectury Transformer DEBUG] Writing org/cneko/justarod/command/BDSMCommand$Companion with maxs=true frames=true
[Architectury Transformer DEBUG] Writing org/cneko/justarod/command/MateCommand$Companion with maxs=true frames=true
[Architectury Transformer DEBUG] Writing org/cneko/justarod/command/PregnantCommand$Companion$registerHormones$8 with maxs=true frames=true
[Architectury Transformer DEBUG] Writing org/cneko/justarod/command/PregnantCommand$Companion$registerHormones$10 with maxs=true frames=true
[Architectury Transformer DEBUG] Writing org/cneko/justarod/command/PregnantCommand$Companion$registerHormones$14 with maxs=true frames=true
[Architectury Transformer DEBUG] Writing org/cneko/justarod/command/PregnantCommand$Companion$registerHormones$12 with maxs=true frames=true
[Architectury Transformer DEBUG] Writing org/cneko/justarod/command/PregnantCommand$Companion$registerHormones$6 with maxs=true frames=true
[Architectury Transformer DEBUG] Writing org/cneko/justarod/command/PregnantCommand$Companion$registerHormones$2 with maxs=true frames=true
[Architectury Transformer DEBUG] Writing org/cneko/justarod/command/PregnantCommand$Companion$registerHormones$4 with maxs=true frames=true
[Architectury Transformer DEBUG] Writing org/cneko/justarod/command/PregnantCommand$Companion$registerLactation$4 with maxs=true frames=true
[Architectury Transformer DEBUG] Writing org/cneko/justarod/command/PregnantCommand$Companion$registerLactation$2 with maxs=true frames=true
[Architectury Transformer DEBUG] Writing org/cneko/justarod/command/PregnantCommand$Companion$registerLactation$6 with maxs=true frames=true
[Architectury Transformer DEBUG] Writing org/cneko/justarod/command/PregnantCommand$Companion$registerUrination$3 with maxs=true frames=true
[Architectury Transformer DEBUG] Writing org/cneko/justarod/command/PregnantCommand$Companion$registerUrination$5 with maxs=true frames=true
[Architectury Transformer DEBUG] Writing org/cneko/justarod/command/JRCommands with maxs=true frames=true
[Architectury Transformer DEBUG] Writing org/cneko/justarod/command/PregnantCommand$Companion$registerPregnant$2 with maxs=true frames=true
[Architectury Transformer DEBUG] Writing org/cneko/justarod/command/PregnantCommand$Companion$registerPregnant$7 with maxs=true frames=true
[Architectury Transformer DEBUG] Writing org/cneko/justarod/command/PregnantCommand$Companion$registerParonychia$8 with maxs=true frames=true
[Architectury Transformer DEBUG] Writing org/cneko/justarod/command/PregnantCommand$Companion$registerParonychia$2 with maxs=true frames=true
[Architectury Transformer DEBUG] Writing org/cneko/justarod/command/PregnantCommand$Companion$registerParonychia$6 with maxs=true frames=true
[Architectury Transformer DEBUG] Writing org/cneko/justarod/command/ImpartCommand$Companion with maxs=true frames=true
[Architectury Transformer DEBUG] Writing org/cneko/justarod/command/PregnantCommand$Companion$registerProtogyny$5 with maxs=true frames=true
[Architectury Transformer DEBUG] Writing org/cneko/justarod/command/PregnantCommand$Companion$registerProtogyny$8 with maxs=true frames=true
[Architectury Transformer DEBUG] Writing org/cneko/justarod/command/PregnantCommand$Companion$registerProtogyny$2 with maxs=true frames=true
[Architectury Transformer DEBUG] Writing org/cneko/justarod/command/BDSMCommand with maxs=true frames=true
[Architectury Transformer DEBUG] Writing org/cneko/justarod/command/PregnantCommand$Companion$registerMenstruation$2 with maxs=true frames=true
[Architectury Transformer DEBUG] Writing org/cneko/justarod/command/Permissions with maxs=true frames=true
[Architectury Transformer DEBUG] Writing org/cneko/justarod/command/PregnantCommand$Companion$registerMenstruation$4 with maxs=true frames=true
[Architectury Transformer DEBUG] Writing org/cneko/justarod/command/PregnantCommand$Companion$registerCorpusLuteumRupture$4 with maxs=true frames=true
[Architectury Transformer DEBUG] Writing org/cneko/justarod/command/PregnantCommand$Companion$registerCorpusLuteumRupture$2 with maxs=true frames=true
[Architectury Transformer DEBUG] Writing org/cneko/justarod/command/MateCommand with maxs=true frames=true
[Architectury Transformer DEBUG] Writing org/cneko/justarod/command/ImpartCommand with maxs=true frames=true
[Architectury Transformer DEBUG] Writing org/cneko/justarod/command/RodCommand with maxs=true frames=true
[Architectury Transformer DEBUG] Writing org/cneko/justarod/command/PregnantCommand$Companion$registerExcretion$3 with maxs=true frames=true
[Architectury Transformer DEBUG] Writing org/cneko/justarod/command/PregnantCommand$Companion$CommandHelp with maxs=true frames=true
[Architectury Transformer DEBUG] Writing org/cneko/justarod/command/PregnantCommand with maxs=true frames=true
[Architectury Transformer DEBUG] Writing org/cneko/justarod/command/PregnantCommand$Companion$registerSex$3 with maxs=true frames=true
[Architectury Transformer DEBUG] Writing org/cneko/justarod/command/PregnantCommand$Companion$registerSex$1 with maxs=true frames=true
[Architectury Transformer DEBUG] Writing org/cneko/justarod/block/JRBlocks with maxs=true frames=true
[Architectury Transformer DEBUG] Writing org/cneko/justarod/mixin/WitherEntityMixin with maxs=true frames=true
[Architectury Transformer DEBUG] Writing org/cneko/justarod/mixin/CommonChatEventMixin with maxs=true frames=true
[Architectury Transformer DEBUG] Writing org/cneko/justarod/mixin/DefaultAttributeRegistryMixin with maxs=true frames=true
[Architectury Transformer DEBUG] Writing org/cneko/justarod/mixin/ClientConnectionMixin with maxs=true frames=true
[Architectury Transformer DEBUG] Writing org/cneko/justarod/mixin/PlayerMixin with maxs=true frames=true
[Architectury Transformer DEBUG] Writing org/cneko/justarod/mixin/ServerPlayerMixin with maxs=true frames=true
[Architectury Transformer DEBUG] Writing org/cneko/justarod/mixin/RavennEntityMixin with maxs=true frames=true
[Architectury Transformer DEBUG] Writing org/cneko/justarod/mixin/ServerPlayNetworkHandlerMixin with maxs=true frames=true
[Architectury Transformer DEBUG] Writing org/cneko/justarod/mixin/NekoEntityMixin with maxs=true frames=true
[Architectury Transformer DEBUG] Writing org/cneko/justarod/mixin/ServerCommonNetworkingHandlerMixin with maxs=true frames=true
[Architectury Transformer DEBUG] Writing org/cneko/justarod/mixin/EntityMixin with maxs=true frames=true
[Architectury Transformer DEBUG] Writing org/cneko/justarod/mixin/LivingEntityMixin with maxs=true frames=true
[Architectury Transformer DEBUG] Writing org/cneko/justarod/mixin/client/ClientPlayerEntityMixin with maxs=true frames=true
[Architectury Transformer DEBUG] Writing org/cneko/justarod/mixin/client/SoundManagerMixin with maxs=true frames=true
[Architectury Transformer DEBUG] Writing org/cneko/justarod/mixin/client/ClientPlayerInteractionManagerMixin with maxs=true frames=true
[Architectury Transformer DEBUG] Writing org/cneko/justarod/mixin/client/PlayerEntityModelMixin with maxs=true frames=true
[Architectury Transformer DEBUG] Writing org/cneko/justarod/mixin/client/EnderDragonRendererMixin with maxs=true frames=true
[Architectury Transformer DEBUG] Writing org/cneko/justarod/mixin/client/BackgroundRendererMixin with maxs=true frames=true
[Architectury Transformer DEBUG] Writing org/cneko/justarod/mixin/client/PlayerRendererMixin with maxs=true frames=true
[Architectury Transformer DEBUG] Writing org/cneko/justarod/event/MessagingEvent with maxs=true frames=true
[Architectury Transformer DEBUG] Writing org/cneko/justarod/event/EntityAttackEvent with maxs=true frames=true
[Architectury Transformer DEBUG] Writing org/cneko/justarod/event/MessagingEvent$Companion with maxs=true frames=true
[Architectury Transformer DEBUG] Writing org/cneko/justarod/event/LactationInteractionEvents with maxs=true frames=true
[Architectury Transformer DEBUG] Writing org/cneko/justarod/event/TickEvent with maxs=true frames=true
[Architectury Transformer DEBUG] Writing org/cneko/justarod/event/JRNetWorkingEvents with maxs=true frames=true
[Architectury Transformer DEBUG] Writing org/cneko/justarod/event/EntityDeathEvent with maxs=true frames=true
[Architectury Transformer DEBUG] Writing org/cneko/justarod/event/TickEvent$Companion with maxs=true frames=true
[Architectury Transformer DEBUG] Writing org/cneko/justarod/event/YuriKissManager with maxs=true frames=true
[Architectury Transformer DEBUG] Writing org/cneko/justarod/event/LactationInteractionEvents$Companion with maxs=true frames=true
[Architectury Transformer DEBUG] Writing org/cneko/justarod/event/EntityRespawnEvent with maxs=true frames=true
[Architectury Transformer DEBUG] Writing org/cneko/justarod/advancment/criterion/ItemUsedOnEntityCriterion$Conditions with maxs=true frames=true
[Architectury Transformer DEBUG] Writing org/cneko/justarod/advancment/criterion/ItemUsedOnEntityCriterion with maxs=true frames=true
[Architectury Transformer DEBUG] Writing org/cneko/justarod/client/JustarodClient with maxs=true frames=true
[Architectury Transformer DEBUG] Writing org/cneko/justarod/client/JRKeyBindings with maxs=true frames=true
[Architectury Transformer DEBUG] Writing org/cneko/justarod/client/renderer/RodRenderer with maxs=true frames=true
[Architectury Transformer DEBUG] Writing org/cneko/justarod/client/renderer/LoliNekoRenderer with maxs=true frames=true
[Architectury Transformer DEBUG] Writing org/cneko/justarod/client/renderer/IcedTeaRenderer$RodModel with maxs=true frames=true
[Architectury Transformer DEBUG] Writing org/cneko/justarod/client/renderer/RodModel with maxs=true frames=true
[Architectury Transformer DEBUG] Writing org/cneko/justarod/client/renderer/IcedTeaRenderer with maxs=true frames=true
[Architectury Transformer DEBUG] Writing org/cneko/justarod/client/renderer/armor/RodArmorRenderer with maxs=true frames=true
[Architectury Transformer DEBUG] Writing org/cneko/justarod/client/feature/EyePatchFeatureRenderer with maxs=true frames=true
[Architectury Transformer DEBUG] Writing org/cneko/justarod/client/feature/EarplugFeatureRenderer with maxs=true frames=true
[Architectury Transformer DEBUG] Writing org/cneko/justarod/client/feature/BundledFeatureRenderer with maxs=true frames=true
[Architectury Transformer DEBUG] Writing org/cneko/justarod/client/feature/ElectricShockFeatureRenderer with maxs=true frames=true
[Architectury Transformer DEBUG] Writing org/cneko/justarod/client/feature/HandcuffFeatureRenderer with maxs=true frames=true
[Architectury Transformer DEBUG] Writing org/cneko/justarod/client/feature/ShacklesFeatureRenderer with maxs=true frames=true
[Architectury Transformer DEBUG] Writing org/cneko/justarod/client/feature/RashFeatureRenderer with maxs=true frames=true
[Architectury Transformer DEBUG] Writing org/cneko/justarod/client/feature/BallMouthFeatureRenderer with maxs=true frames=true
[Architectury Transformer DEBUG] Writing org/cneko/justarod/client/screen/JRSyncScreen$DataLine with maxs=true frames=true
[Architectury Transformer DEBUG] Writing org/cneko/justarod/client/screen/QuestionScreen with maxs=true frames=true
[Architectury Transformer DEBUG] Writing org/cneko/justarod/client/screen/MateScreen$AmountSliderWidget with maxs=true frames=true
[Architectury Transformer DEBUG] Writing org/cneko/justarod/client/screen/JRSyncScreen with maxs=true frames=true
[Architectury Transformer DEBUG] Writing org/cneko/justarod/client/screen/MateScreen with maxs=true frames=true
[Architectury Transformer DEBUG] Writing org/cneko/justarod/client/screen/JRScreenBuilders with maxs=true frames=true
[Architectury Transformer DEBUG] Writing org/cneko/justarod/client/screen/QuestionScreen$Question with maxs=true frames=true
[Architectury Transformer DEBUG] Writing org/cneko/justarod/client/screen/JRScreenBuilders$JRTooltipFactories with maxs=true frames=true
[Architectury Transformer DEBUG] Writing org/cneko/justarod/client/screen/Questions with maxs=true frames=true
[Architectury Transformer DEBUG] Writing org/cneko/justarod/client/screen/MateScreen$TimeSliderWidget with maxs=true frames=true
[Architectury Transformer DEBUG] Writing org/cneko/justarod/client/screen/JRScreenBuilders$JRButtonFactories with maxs=true frames=true
[Architectury Transformer DEBUG] Writing org/cneko/justarod/client/screen/FrictionScreen with maxs=true frames=true
[Architectury Transformer DEBUG] Writing org/cneko/justarod/client/screen/FrictionScreen$Particle with maxs=true frames=true
[Architectury Transformer DEBUG] Writing org/cneko/justarod/client/screen/QuestionScreen$QuestionSupplier with maxs=true frames=true
[Architectury Transformer DEBUG] Writing org/cneko/justarod/client/gui/UterusScanScreen$1 with maxs=true frames=true
[Architectury Transformer DEBUG] Writing org/cneko/justarod/client/gui/UterusScanScreen with maxs=true frames=true
[Architectury Transformer DEBUG] Writing org/cneko/justarod/client/gui/ScanType with maxs=true frames=true
[Architectury Transformer DEBUG] Writing org/cneko/justarod/client/gui/MedicalScanScreen with maxs=true frames=true
[Architectury Transformer DEBUG] Writing org/cneko/justarod/client/event/ClientTickEvent$Companion with maxs=true frames=true
[Architectury Transformer DEBUG] Writing org/cneko/justarod/client/event/JRClientNetworkingEvents with maxs=true frames=true
[Architectury Transformer DEBUG] Writing org/cneko/justarod/client/event/ClientTickEvent with maxs=true frames=true
[Architectury Transformer DEBUG] Writing org/cneko/justarod/client/event/RealClientTickEvent$Companion with maxs=true frames=true
[Architectury Transformer DEBUG] Writing org/cneko/justarod/client/event/RealClientTickEvent with maxs=true frames=true
[Architectury Transformer DEBUG] Writing org/cneko/justarod/client/tooltip/StructureTextureCache with maxs=true frames=true
[Architectury Transformer DEBUG] Writing org/cneko/justarod/client/tooltip/ChemicalStructureTooltipComponent with maxs=true frames=true
[Architectury Transformer DEBUG] Writing org/cneko/justarod/item/JRItems with maxs=true frames=true
[Architectury Transformer DEBUG] Writing org/cneko/justarod/item/YuriMatingMatingMatingItem with maxs=true frames=true
[Architectury Transformer DEBUG] Writing org/cneko/justarod/item/IcedTeaItem with maxs=true frames=true
[Architectury Transformer DEBUG] Writing org/cneko/justarod/item/JRComponents$PantsuState$Companion with maxs=true frames=true
[Architectury Transformer DEBUG] Writing org/cneko/justarod/item/LubricatingBookItem with maxs=true frames=true
[Architectury Transformer DEBUG] Writing org/cneko/justarod/item/JRItemsKt with maxs=true frames=true
[Architectury Transformer DEBUG] Writing org/cneko/justarod/item/ContractWhipItem with maxs=true frames=true
[Architectury Transformer DEBUG] Writing org/cneko/justarod/item/IcedTeaItem$Companion with maxs=true frames=true
[Architectury Transformer DEBUG] Writing org/cneko/justarod/item/XPGun with maxs=true frames=true
[Architectury Transformer DEBUG] Writing org/cneko/justarod/item/InsertionPedestalItemKt with maxs=true frames=true
[Architectury Transformer DEBUG] Writing org/cneko/justarod/item/InsertionPedestalItem with maxs=true frames=true
[Architectury Transformer DEBUG] Writing org/cneko/justarod/item/JRComponents with maxs=true frames=true
[Architectury Transformer DEBUG] Writing org/cneko/justarod/item/JRItems$Companion with maxs=true frames=true
[Architectury Transformer DEBUG] Writing org/cneko/justarod/item/JRComponents$PantsuState with maxs=true frames=true
[Architectury Transformer DEBUG] Writing org/cneko/justarod/item/FreeMatingItem with maxs=true frames=true
[Architectury Transformer DEBUG] Writing org/cneko/justarod/item/JRComponents$Companion with maxs=true frames=true
[Architectury Transformer DEBUG] Writing org/cneko/justarod/item/WhipItem with maxs=true frames=true
[Architectury Transformer DEBUG] Writing org/cneko/justarod/item/RetrieverItem with maxs=true frames=true
[Architectury Transformer DEBUG] Writing org/cneko/justarod/item/bio/ClonerDevice with maxs=true frames=true
[Architectury Transformer DEBUG] Writing org/cneko/justarod/item/bio/ClonerDevice$ClonerState with maxs=true frames=true
[Architectury Transformer DEBUG] Writing org/cneko/justarod/item/bio/ParthenogenesisCatalystItem with maxs=true frames=true
[Architectury Transformer DEBUG] Writing org/cneko/justarod/item/bio/ClonerDevice$WhenMappings with maxs=true frames=true
[Architectury Transformer DEBUG] Writing org/cneko/justarod/item/bio/ParthenogenesisCatalystItem$EntriesMappings with maxs=true frames=true
[Architectury Transformer DEBUG] Writing org/cneko/justarod/item/syringe/BremelanotideItem$Companion with maxs=true frames=true
[Architectury Transformer DEBUG] Writing org/cneko/justarod/item/syringe/BaseSyringeItem with maxs=true frames=true
[Architectury Transformer DEBUG] Writing org/cneko/justarod/item/syringe/BremelanotideItem with maxs=true frames=true
[Architectury Transformer DEBUG] Writing org/cneko/justarod/item/syringe/GrowthAgentItem with maxs=true frames=true
[Architectury Transformer DEBUG] Writing org/cneko/justarod/item/syringe/RodAgentItem with maxs=true frames=true
[Architectury Transformer DEBUG] Writing org/cneko/justarod/item/syringe/ReverseGrowthAgentItem with maxs=true frames=true
[Architectury Transformer DEBUG] Writing org/cneko/justarod/item/electric/SelfUsedElectricRodItem with maxs=true frames=true
[Architectury Transformer DEBUG] Writing org/cneko/justarod/item/electric/TribochargingRod with maxs=true frames=true
[Architectury Transformer DEBUG] Writing org/cneko/justarod/item/electric/ElectricRodItem with maxs=true frames=true
[Architectury Transformer DEBUG] Writing org/cneko/justarod/item/electric/IndustrialElectricRodItem with maxs=true frames=true
[Architectury Transformer DEBUG] Writing org/cneko/justarod/item/electric/MultiModeSelfUsedElectricRodItem with maxs=true frames=true
[Architectury Transformer DEBUG] Writing org/cneko/justarod/item/electric/RemoteControlItem with maxs=true frames=true
[Architectury Transformer DEBUG] Writing org/cneko/justarod/item/electric/BasicElectricRodItem with maxs=true frames=true
[Architectury Transformer DEBUG] Writing org/cneko/justarod/item/electric/AdvancedElectricRodItem with maxs=true frames=true
[Architectury Transformer DEBUG] Writing org/cneko/justarod/item/armor/JRArmorMaterials with maxs=true frames=true
[Architectury Transformer DEBUG] Writing org/cneko/justarod/item/armor/RodArmorItem with maxs=true frames=true
[Architectury Transformer DEBUG] Writing org/cneko/justarod/item/armor/FireworksRodItem with maxs=true frames=true
[Architectury Transformer DEBUG] Writing org/cneko/justarod/item/armor/FireworksRodItem$Companion with maxs=true frames=true
[Architectury Transformer DEBUG] Writing org/cneko/justarod/item/armor/JRArmorMaterials$Companion with maxs=true frames=true
[Architectury Transformer DEBUG] Writing org/cneko/justarod/item/tooltip/ChemicalStructureTooltipData with maxs=true frames=true
[Architectury Transformer DEBUG] Writing org/cneko/justarod/item/custom/PantsuGetterItem with maxs=true frames=true
[Architectury Transformer DEBUG] Writing org/cneko/justarod/item/custom/DiaperItem with maxs=true frames=true
[Architectury Transformer DEBUG] Writing org/cneko/justarod/item/custom/PantsuItem with maxs=true frames=true
[Architectury Transformer DEBUG] Writing org/cneko/justarod/item/medical/ScalpelItem with maxs=true frames=true
[Architectury Transformer DEBUG] Writing org/cneko/justarod/item/medical/SpermRetrievalDeviceItem with maxs=true frames=true
[Architectury Transformer DEBUG] Writing org/cneko/justarod/item/medical/BrithControllingPill with maxs=true frames=true
[Architectury Transformer DEBUG] Writing org/cneko/justarod/item/medical/TamsulosinCapsuleItem with maxs=true frames=true
[Architectury Transformer DEBUG] Writing org/cneko/justarod/item/medical/CottonSwabItem with maxs=true frames=true
[Architectury Transformer DEBUG] Writing org/cneko/justarod/item/medical/AntiAndrogenItem with maxs=true frames=true
[Architectury Transformer DEBUG] Writing org/cneko/justarod/item/medical/FrozenSpermRetrievalDeviceItem with maxs=true frames=true
[Architectury Transformer DEBUG] Writing org/cneko/justarod/item/medical/EstrogenItem with maxs=true frames=true
[Architectury Transformer DEBUG] Writing org/cneko/justarod/item/medical/MedicalItem with maxs=true frames=true
[Architectury Transformer DEBUG] Writing org/cneko/justarod/item/medical/MedicalItem$ActionMessages with maxs=true frames=true
[Architectury Transformer DEBUG] Writing org/cneko/justarod/item/medical/GenderChangePotionItem with maxs=true frames=true
[Architectury Transformer DEBUG] Writing org/cneko/justarod/item/medical/GenderChangePotionItem$WhenMappings with maxs=true frames=true
[Architectury Transformer DEBUG] Writing org/cneko/justarod/item/medical/TestosteroneItem with maxs=true frames=true
[Architectury Transformer DEBUG] Writing org/cneko/justarod/item/medical/HPVVaccine with maxs=true frames=true
[Architectury Transformer DEBUG] Writing org/cneko/justarod/item/medical/AidsVaccine with maxs=true frames=true
[Architectury Transformer DEBUG] Writing org/cneko/justarod/item/medical/ChemotherapyDrugItem$Companion with maxs=true frames=true
[Architectury Transformer DEBUG] Writing org/cneko/justarod/item/medical/PenicillinItem with maxs=true frames=true
[Architectury Transformer DEBUG] Writing org/cneko/justarod/item/medical/ChemotherapyDrugItem with maxs=true frames=true
[Architectury Transformer DEBUG] Writing org/cneko/justarod/item/medical/AbortionPillItem with maxs=true frames=true
[Architectury Transformer DEBUG] Writing org/cneko/justarod/item/medical/SterilizationPills with maxs=true frames=true
[Architectury Transformer DEBUG] Writing org/cneko/justarod/item/medical/SanitaryTowel with maxs=true frames=true
[Architectury Transformer DEBUG] Writing org/cneko/justarod/item/medical/GenderChangePotionItem$Gender with maxs=true frames=true
[Architectury Transformer DEBUG] Writing org/cneko/justarod/item/medical/BrithControllingPillKt with maxs=true frames=true
[Architectury Transformer DEBUG] Writing org/cneko/justarod/item/bdsm/ElectricShockController with maxs=true frames=true
[Architectury Transformer DEBUG] Writing org/cneko/justarod/item/bdsm/AbstractBDSMItem with maxs=true frames=true
[Architectury Transformer DEBUG] Writing org/cneko/justarod/item/bdsm/BallMouthItem with maxs=true frames=true
[Architectury Transformer DEBUG] Writing org/cneko/justarod/item/bdsm/EarplugItem with maxs=true frames=true
[Architectury Transformer DEBUG] Writing org/cneko/justarod/item/bdsm/EyePatchItem with maxs=true frames=true
[Architectury Transformer DEBUG] Writing org/cneko/justarod/item/bdsm/BindingRopeItem with maxs=true frames=true
[Architectury Transformer DEBUG] Writing org/cneko/justarod/item/bdsm/NoMatingPlz with maxs=true frames=true
[Architectury Transformer DEBUG] Writing org/cneko/justarod/item/bdsm/ShacklesItem with maxs=true frames=true
[Architectury Transformer DEBUG] Writing org/cneko/justarod/item/bdsm/ElectricShockDeviceItem with maxs=true frames=true
[Architectury Transformer DEBUG] Writing org/cneko/justarod/item/bdsm/HandcuffesItem with maxs=true frames=true
[Architectury Transformer DEBUG] Writing org/cneko/justarod/item/rod/EndRodInstructions with maxs=true frames=true
[Architectury Transformer DEBUG] Writing org/cneko/justarod/item/rod/OtherUsedItemInterface$DefaultImpls with maxs=true frames=true
[Architectury Transformer DEBUG] Writing org/cneko/justarod/item/rod/RedstoneEndRod with maxs=true frames=true
[Architectury Transformer DEBUG] Writing org/cneko/justarod/item/rod/OtherUsedItemInterface with maxs=true frames=true
[Architectury Transformer DEBUG] Writing org/cneko/justarod/item/rod/EndRodItem with maxs=true frames=true
[Architectury Transformer DEBUG] Writing org/cneko/justarod/item/rod/SelfUsedItemInterface with maxs=true frames=true
[Architectury Transformer DEBUG] Writing org/cneko/justarod/item/rod/FirecrackerRodItem with maxs=true frames=true
[Architectury Transformer DEBUG] Writing org/cneko/justarod/item/rod/SlimeRodItem with maxs=true frames=true
[Architectury Transformer DEBUG] Writing org/cneko/justarod/item/rod/OtherUsedItem with maxs=true frames=true
[Architectury Transformer DEBUG] Writing org/cneko/justarod/item/rod/SelfUsedItem with maxs=true frames=true
[Architectury Transformer DEBUG] Writing org/cneko/justarod/item/rod/LongRodItem with maxs=true frames=true
[Architectury Transformer DEBUG] Writing org/cneko/justarod/item/rod/SelfUsedItemInterface$DefaultImpls with maxs=true frames=true
[Architectury Transformer DEBUG] Writing org/cneko/justarod/item/rod/GiantRodItem with maxs=true frames=true
[Architectury Transformer DEBUG] Writing org/cneko/justarod/item/rod/LongerRodItem with maxs=true frames=true
[Architectury Transformer DEBUG] Writing org/cneko/justarod/item/rod/EatableRodItem with maxs=true frames=true
[Architectury Transformer DEBUG] Writing org/cneko/justarod/item/rod/CactusRodItem with maxs=true frames=true
[Architectury Transformer DEBUG] Writing org/cneko/justarod/item/rod/LightningEndRodItem with maxs=true frames=true
[Architectury Transformer DEBUG] Writing org/cneko/justarod/item/rod/NetWorkingRodItem with maxs=true frames=true
[Architectury Transformer DEBUG] Writing org/cneko/justarod/item/rod/EndRodItemInterface with maxs=true frames=true
[Architectury Transformer DEBUG] Writing org/cneko/justarod/item/rod/EndRodItemInterface$DefaultImpls with maxs=true frames=true
[Architectury Transformer DEBUG] Writing org/cneko/justarod/item/rod/BothUsedItem with maxs=true frames=true
[Architectury Transformer DEBUG] Writing org/cneko/justarod/item/rod/EndRodItemKt with maxs=true frames=true
[Architectury Transformer DEBUG] Writing org/cneko/justarod/quirks/JRDefaultQuirk$Companion with maxs=true frames=true
[Architectury Transformer DEBUG] Writing org/cneko/justarod/quirks/YuriQuirk with maxs=true frames=true
[Architectury Transformer DEBUG] Writing org/cneko/justarod/quirks/EndRodQuirk with maxs=true frames=true
[Architectury Transformer DEBUG] Writing org/cneko/justarod/quirks/JRQuirks with maxs=true frames=true
[Architectury Transformer DEBUG] Writing org/cneko/justarod/quirks/CCBQuirk with maxs=true frames=true
[Architectury Transformer DEBUG] Writing org/cneko/justarod/quirks/JRQuirks$Companion with maxs=true frames=true
[Architectury Transformer DEBUG] Writing org/cneko/justarod/quirks/JRDefaultQuirk with maxs=true frames=true
[Architectury Transformer DEBUG] Writing org/cneko/justarod/genetics/RodGenetics with maxs=true frames=true
[Architectury Transformer DEBUG] Writing org/cneko/justarod/api/ImpactModel$Companion with maxs=true frames=true
[Architectury Transformer DEBUG] Writing org/cneko/justarod/api/NetWorkingRodData with maxs=true frames=true
[Architectury Transformer DEBUG] Writing org/cneko/justarod/api/ImpactModel with maxs=true frames=true
[Architectury Transformer DEBUG] Writing org/cneko/justarod/api/NetWorkingRodData$Companion$update$1 with maxs=true frames=true
[Architectury Transformer DEBUG] Writing org/cneko/justarod/api/NetWorkingRodData$Companion with maxs=true frames=true
[Architectury Transformer DEBUG] Writing org/cneko/justarod/api/ImpactModelKt with maxs=true frames=true
[Architectury Transformer DEBUG] Writing org/cneko/justarod/property/JRRegistry with maxs=true frames=true
[Architectury Transformer DEBUG] Writing org/cneko/justarod/property/JRProperty with maxs=true frames=true
[Architectury Transformer DEBUG] Writing org/cneko/justarod/property/JREntityTypeProperty with maxs=true frames=true
[Architectury Transformer DEBUG] Writing org/cneko/justarod/property/JRBoolProperty with maxs=true frames=true
[Architectury Transformer DEBUG] Writing org/cneko/justarod/property/JRFloatProperty with maxs=true frames=true
[Architectury Transformer DEBUG] Writing org/cneko/justarod/property/JRDoubleProperty with maxs=true frames=true
[Architectury Transformer DEBUG] Writing org/cneko/justarod/property/JRTimeProperty with maxs=true frames=true
[Architectury Transformer DEBUG] Writing org/cneko/justarod/property/JRIntProperty with maxs=true frames=true
[Architectury Transformer DEBUG] Writing org/cneko/justarod/effect/SmearyEffect with maxs=true frames=true
[Architectury Transformer DEBUG] Writing org/cneko/justarod/effect/ParonychiaEffect with maxs=true frames=true
[Architectury Transformer DEBUG] Writing org/cneko/justarod/effect/HPVEffect with maxs=true frames=true
[Architectury Transformer DEBUG] Writing org/cneko/justarod/effect/UterineColdEffect$Companion with maxs=true frames=true
[Architectury Transformer DEBUG] Writing org/cneko/justarod/effect/JumpNerfEffect$Companion with maxs=true frames=true
[Architectury Transformer DEBUG] Writing org/cneko/justarod/effect/UrethritisEffect with maxs=true frames=true
[Architectury Transformer DEBUG] Writing org/cneko/justarod/effect/LubricatingEffect with maxs=true frames=true
[Architectury Transformer DEBUG] Writing org/cneko/justarod/effect/FaintEffect with maxs=true frames=true
[Architectury Transformer DEBUG] Writing org/cneko/justarod/effect/LilyPheromoneEffect with maxs=true frames=true
[Architectury Transformer DEBUG] Writing org/cneko/justarod/effect/JREffects with maxs=true frames=true
[Architectury Transformer DEBUG] Writing org/cneko/justarod/effect/EstrusEffect with maxs=true frames=true
[Architectury Transformer DEBUG] Writing org/cneko/justarod/effect/UterineColdEffect with maxs=true frames=true
[Architectury Transformer DEBUG] Writing org/cneko/justarod/effect/JREffects$Companion with maxs=true frames=true
[Architectury Transformer DEBUG] Writing org/cneko/justarod/effect/PregnantEffect with maxs=true frames=true
[Architectury Transformer DEBUG] Writing org/cneko/justarod/effect/KenjaTimeEffect with maxs=true frames=true
[Architectury Transformer DEBUG] Writing org/cneko/justarod/effect/JumpNerfEffect with maxs=true frames=true
[Architectury Transformer DEBUG] Writing org/cneko/justarod/effect/SyphilisEffect with maxs=true frames=true
[Architectury Transformer DEBUG] Writing org/cneko/justarod/effect/OrgasmEffect with maxs=true frames=true
[Architectury Transformer DEBUG] Writing org/cneko/justarod/effect/OvarianCancerEffect with maxs=true frames=true
[Architectury Transformer DEBUG] Writing org/cneko/justarod/effect/OrgasmEffect$Companion with maxs=true frames=true
[Architectury Transformer DEBUG] Writing org/cneko/justarod/effect/PregnantEffect$Companion with maxs=true frames=true
[Architectury Transformer DEBUG] Writing org/cneko/justarod/effect/StrongEffect with maxs=true frames=true
[Architectury Transformer DEBUG] Writing org/cneko/justarod/effect/VaginitisEffect with maxs=true frames=true
[Architectury Transformer DEBUG] Writing org/cneko/justarod/effect/ProstatitisEffect with maxs=true frames=true
[Architectury Transformer DEBUG] Writing org/cneko/justarod/effect/AIDSEffect with maxs=true frames=true
[Architectury Transformer DEBUG] Closed File Systems for /tmp/13389206714268578995.jar
[Architectury Transformer] Listening at /media/crystalneko/enkoo/java/JustARod/common/build/devlibs/JustARod-common-0.2.2-dev.jar
[Architectury Transformer DEBUG] Temporary jar [/tmp/13389206714268578995.jar] contains packages: org.cneko.justarod.item, org.cneko.justarod.item.medical, org.cneko.justarod.genetics, org.cneko.justarod.client.event, org.cneko.justarod.client.renderer, org.cneko.justarod, org.cneko.justarod.event, org.cneko.justarod.item.bdsm, org.cneko.justarod.client.gui, org.cneko.justarod.damage, org.cneko.justarod.entity, org.cneko.justarod.item.electric, org.cneko.justarod.client.renderer.armor, org.cneko.justarod.entity.ai, org.cneko.justarod.client.tooltip, org.cneko.justarod.datagen, org.cneko.justarod.command, org.cneko.justarod.item.tooltip, org.cneko.justarod.item.rod, org.cneko.justarod.item.bio, org.cneko.justarod.client.feature, org.cneko.justarod.item.armor, org.cneko.justarod.advancment.criterion, org.cneko.justarod.block, org.cneko.justarod.effect, org.cneko.justarod.mixin.client, org.cneko.justarod.client, org.cneko.justarod.item.custom, org.cneko.justarod.item.syringe, org.cneko.justarod.quirks, org.cneko.justarod.property, org.cneko.justarod.client.screen, org.cneko.justarod.mixin, org.cneko.justarod.packet, org.cneko.justarod.api
[Architectury Transformer DEBUG] Closed File Systems for /media/crystalneko/enkoo/java/JustARod/common/build/devlibs/JustARod-common-0.2.2-dev.jar
[Architectury Transformer DEBUG] Classpath entry [/media/crystalneko/enkoo/java/JustARod/neoforge/build/classes/java/main] contains packages: org.cneko.justarod.neoforge, org.cneko.justarod.neoforge.client
[Architectury Transformer DEBUG] Classpath entry [/media/crystalneko/enkoo/java/JustARod/neoforge/build/resources/main] contains packages: 
[Architectury Transformer DEBUG] Transforming from org/cneko/justarod/entity/Fallible.class to org/cneko/justarod/entity/Fallible.class with 6 transformer(s) on dev.architectury.transformer.handler.TinyRemapperPreparedTransformerHandler
[Architectury Transformer DEBUG] Remapping with 1 mapping provider(s):
[Architectury Transformer DEBUG]  - dev.architectury.transformer.transformers.TransformNeoForgeEnvironment$$Lambda/0x000076b00002fbf0@4a3631f8
[Architectury Transformer DEBUG] Remapping with Dirty Mappings...
[Architectury Transformer DEBUG] Remapping Classes:
[Architectury Transformer DEBUG] net/fabricmc/api/EnvType -> net/neoforged/api/distmarker/Dist
[Architectury Transformer DEBUG] net/fabricmc/api/Environment -> net/neoforged/api/distmarker/OnlyIn
[Architectury Transformer DEBUG] Found class transformer
[Architectury Transformer DEBUG] Writing org/cneko/justarod/entity/Fallible with maxs=true frames=true
[Architectury Transformer DEBUG] Transformed org/cneko/justarod/entity/Fallible in 43.04 ms
[Architectury Transformer DEBUG] Transforming from org/cneko/justarod/entity/Insertable.class to org/cneko/justarod/entity/Insertable.class with 6 transformer(s) on dev.architectury.transformer.handler.TinyRemapperPreparedTransformerHandler
[Architectury Transformer DEBUG] Remapping with 1 mapping provider(s):
[Architectury Transformer DEBUG]  - dev.architectury.transformer.transformers.TransformNeoForgeEnvironment$$Lambda/0x000076b00002fbf0@4a3631f8
[Architectury Transformer DEBUG] Remapping Classes:
[Architectury Transformer DEBUG] net/fabricmc/api/EnvType -> net/neoforged/api/distmarker/Dist
[Architectury Transformer DEBUG] net/fabricmc/api/Environment -> net/neoforged/api/distmarker/OnlyIn
[Architectury Transformer DEBUG] Found class transformer
[Architectury Transformer DEBUG] Writing org/cneko/justarod/entity/Insertable with maxs=true frames=true
[Architectury Transformer DEBUG] Transformed org/cneko/justarod/entity/Insertable in 6.198 ms
[Architectury Transformer DEBUG] Transforming from org/cneko/justarod/entity/Powerable.class to org/cneko/justarod/entity/Powerable.class with 6 transformer(s) on dev.architectury.transformer.handler.TinyRemapperPreparedTransformerHandler
[Architectury Transformer DEBUG] Remapping with 1 mapping provider(s):
[Architectury Transformer DEBUG]  - dev.architectury.transformer.transformers.TransformNeoForgeEnvironment$$Lambda/0x000076b00002fbf0@4a3631f8
[Architectury Transformer DEBUG] Remapping Classes:
[Architectury Transformer DEBUG] net/fabricmc/api/EnvType -> net/neoforged/api/distmarker/Dist
[Architectury Transformer DEBUG] net/fabricmc/api/Environment -> net/neoforged/api/distmarker/OnlyIn
[Architectury Transformer DEBUG] Found class transformer
[Architectury Transformer DEBUG] Writing org/cneko/justarod/entity/Powerable with maxs=true frames=true
[Architectury Transformer DEBUG] Transformed org/cneko/justarod/entity/Powerable in 4.804 ms
[Architectury Transformer DEBUG] Transforming from org/cneko/justarod/entity/Pregnant.class to org/cneko/justarod/entity/Pregnant.class with 6 transformer(s) on dev.architectury.transformer.handler.TinyRemapperPreparedTransformerHandler
[Architectury Transformer DEBUG] Remapping with 1 mapping provider(s):
[Architectury Transformer DEBUG]  - dev.architectury.transformer.transformers.TransformNeoForgeEnvironment$$Lambda/0x000076b00002fbf0@4a3631f8
[Architectury Transformer DEBUG] Remapping Classes:
[Architectury Transformer DEBUG] net/fabricmc/api/EnvType -> net/neoforged/api/distmarker/Dist
[Architectury Transformer DEBUG] net/fabricmc/api/Environment -> net/neoforged/api/distmarker/OnlyIn
[Architectury Transformer DEBUG] Found class transformer
[Architectury Transformer DEBUG] Writing org/cneko/justarod/entity/Pregnant with maxs=true frames=true
[Architectury Transformer DEBUG] Transformed org/cneko/justarod/entity/Pregnant in 13.93 ms
[Architectury Transformer DEBUG] Transforming from org/cneko/justarod/entity/BDSMable.class to org/cneko/justarod/entity/BDSMable.class with 6 transformer(s) on dev.architectury.transformer.handler.TinyRemapperPreparedTransformerHandler
[Architectury Transformer DEBUG] Remapping with 1 mapping provider(s):
[Architectury Transformer DEBUG]  - dev.architectury.transformer.transformers.TransformNeoForgeEnvironment$$Lambda/0x000076b00002fbf0@4a3631f8
[Architectury Transformer DEBUG] Remapping Classes:
[Architectury Transformer DEBUG] net/fabricmc/api/EnvType -> net/neoforged/api/distmarker/Dist
[Architectury Transformer DEBUG] net/fabricmc/api/Environment -> net/neoforged/api/distmarker/OnlyIn
[Architectury Transformer DEBUG] Found class transformer
[Architectury Transformer DEBUG] Writing org/cneko/justarod/entity/BDSMable with maxs=true frames=true
[Architectury Transformer DEBUG] Transformed org/cneko/justarod/entity/BDSMable in 3.847 ms
[Architectury Transformer DEBUG] Transforming from org/cneko/justarod/quirks/YuriQuirk.class to org/cneko/justarod/quirks/YuriQuirk.class with 6 transformer(s) on dev.architectury.transformer.handler.TinyRemapperPreparedTransformerHandler
[Architectury Transformer DEBUG] Remapping with 1 mapping provider(s):
[Architectury Transformer DEBUG]  - dev.architectury.transformer.transformers.TransformNeoForgeEnvironment$$Lambda/0x000076b00002fbf0@4a3631f8
[Architectury Transformer DEBUG] Remapping Classes:
[Architectury Transformer DEBUG] net/fabricmc/api/EnvType -> net/neoforged/api/distmarker/Dist
[Architectury Transformer DEBUG] net/fabricmc/api/Environment -> net/neoforged/api/distmarker/OnlyIn
[Architectury Transformer DEBUG] Found class transformer
[Architectury Transformer DEBUG] Writing org/cneko/justarod/quirks/YuriQuirk with maxs=true frames=true
[Architectury Transformer DEBUG] Transformed org/cneko/justarod/quirks/YuriQuirk in 3.578 ms
[Architectury Transformer DEBUG] Transforming from org/cneko/justarod/quirks/JRDefaultQuirk.class to org/cneko/justarod/quirks/JRDefaultQuirk.class with 6 transformer(s) on dev.architectury.transformer.handler.TinyRemapperPreparedTransformerHandler
[Architectury Transformer DEBUG] Remapping with 1 mapping provider(s):
[Architectury Transformer DEBUG]  - dev.architectury.transformer.transformers.TransformNeoForgeEnvironment$$Lambda/0x000076b00002fbf0@4a3631f8
[Architectury Transformer DEBUG] Remapping Classes:
[Architectury Transformer DEBUG] net/fabricmc/api/EnvType -> net/neoforged/api/distmarker/Dist
[Architectury Transformer DEBUG] net/fabricmc/api/Environment -> net/neoforged/api/distmarker/OnlyIn
[Architectury Transformer DEBUG] Found class transformer
[Architectury Transformer DEBUG] Writing org/cneko/justarod/quirks/JRDefaultQuirk with maxs=true frames=true
[Architectury Transformer DEBUG] Transformed org/cneko/justarod/quirks/JRDefaultQuirk in 2.022 ms
[Architectury Transformer DEBUG] Transforming from org/cneko/justarod/Justarod.class to org/cneko/justarod/Justarod.class with 6 transformer(s) on dev.architectury.transformer.handler.TinyRemapperPreparedTransformerHandler
[Architectury Transformer DEBUG] Remapping with 1 mapping provider(s):
[Architectury Transformer DEBUG]  - dev.architectury.transformer.transformers.TransformNeoForgeEnvironment$$Lambda/0x000076b00002fbf0@4a3631f8
[Architectury Transformer DEBUG] Remapping Classes:
[Architectury Transformer DEBUG] net/fabricmc/api/EnvType -> net/neoforged/api/distmarker/Dist
[Architectury Transformer DEBUG] net/fabricmc/api/Environment -> net/neoforged/api/distmarker/OnlyIn
[Architectury Transformer DEBUG] Found class transformer
[Architectury Transformer DEBUG] Writing org/cneko/justarod/Justarod with maxs=true frames=true
[Architectury Transformer DEBUG] Transformed org/cneko/justarod/Justarod in 2.853 ms
[Architectury Transformer DEBUG] Transforming from org/cneko/justarod/api/NetWorkingRodData.class to org/cneko/justarod/api/NetWorkingRodData.class with 6 transformer(s) on dev.architectury.transformer.handler.TinyRemapperPreparedTransformerHandler
[Architectury Transformer DEBUG] Remapping with 1 mapping provider(s):
[Architectury Transformer DEBUG]  - dev.architectury.transformer.transformers.TransformNeoForgeEnvironment$$Lambda/0x000076b00002fbf0@4a3631f8
[Architectury Transformer DEBUG] Remapping Classes:
[Architectury Transformer DEBUG] net/fabricmc/api/EnvType -> net/neoforged/api/distmarker/Dist
[Architectury Transformer DEBUG] net/fabricmc/api/Environment -> net/neoforged/api/distmarker/OnlyIn
[Architectury Transformer DEBUG] Found class transformer
[Architectury Transformer DEBUG] Writing org/cneko/justarod/api/NetWorkingRodData with maxs=true frames=true
[Architectury Transformer DEBUG] Transformed org/cneko/justarod/api/NetWorkingRodData in 2.167 ms
[Architectury Transformer DEBUG] Transforming from org/cneko/justarod/api/NetWorkingRodData$Companion.class to org/cneko/justarod/api/NetWorkingRodData$Companion.class with 6 transformer(s) on dev.architectury.transformer.handler.TinyRemapperPreparedTransformerHandler
[Architectury Transformer DEBUG] Remapping with 1 mapping provider(s):
[Architectury Transformer DEBUG]  - dev.architectury.transformer.transformers.TransformNeoForgeEnvironment$$Lambda/0x000076b00002fbf0@4a3631f8
[Architectury Transformer DEBUG] Remapping Classes:
[Architectury Transformer DEBUG] net/fabricmc/api/EnvType -> net/neoforged/api/distmarker/Dist
[Architectury Transformer DEBUG] net/fabricmc/api/Environment -> net/neoforged/api/distmarker/OnlyIn
[Architectury Transformer DEBUG] Found class transformer
[Architectury Transformer DEBUG] Writing org/cneko/justarod/api/NetWorkingRodData$Companion with maxs=true frames=true
[Architectury Transformer DEBUG] Transformed org/cneko/justarod/api/NetWorkingRodData$Companion in 2.091 ms
[Architectury Transformer DEBUG] Transforming from org/cneko/justarod/api/NetWorkingRodData$Companion$update$1.class to org/cneko/justarod/api/NetWorkingRodData$Companion$update$1.class with 6 transformer(s) on dev.architectury.transformer.handler.TinyRemapperPreparedTransformerHandler
[Architectury Transformer DEBUG] Remapping with 1 mapping provider(s):
[Architectury Transformer DEBUG]  - dev.architectury.transformer.transformers.TransformNeoForgeEnvironment$$Lambda/0x000076b00002fbf0@4a3631f8
[Architectury Transformer DEBUG] Remapping Classes:
[Architectury Transformer DEBUG] net/fabricmc/api/EnvType -> net/neoforged/api/distmarker/Dist
[Architectury Transformer DEBUG] net/fabricmc/api/Environment -> net/neoforged/api/distmarker/OnlyIn
[Architectury Transformer DEBUG] Found class transformer
[Architectury Transformer DEBUG] Writing org/cneko/justarod/api/NetWorkingRodData$Companion$update$1 with maxs=true frames=true
[Architectury Transformer DEBUG] Transformed org/cneko/justarod/api/NetWorkingRodData$Companion$update$1 in 2.902 ms
[Architectury Transformer DEBUG] Transforming from org/cneko/justarod/item/JRItems.class to org/cneko/justarod/item/JRItems.class with 6 transformer(s) on dev.architectury.transformer.handler.TinyRemapperPreparedTransformerHandler
[Architectury Transformer DEBUG] Remapping with 1 mapping provider(s):
[Architectury Transformer DEBUG]  - dev.architectury.transformer.transformers.TransformNeoForgeEnvironment$$Lambda/0x000076b00002fbf0@4a3631f8
[Architectury Transformer DEBUG] Remapping Classes:
[Architectury Transformer DEBUG] net/fabricmc/api/EnvType -> net/neoforged/api/distmarker/Dist
[Architectury Transformer DEBUG] net/fabricmc/api/Environment -> net/neoforged/api/distmarker/OnlyIn
[Architectury Transformer DEBUG] Found class transformer
[Architectury Transformer DEBUG] Writing org/cneko/justarod/item/JRItems with maxs=true frames=true
[Architectury Transformer DEBUG] Transformed org/cneko/justarod/item/JRItems in 3.844 ms
[Architectury Transformer DEBUG] Transforming from org/cneko/justarod/item/JRItems$Companion.class to org/cneko/justarod/item/JRItems$Companion.class with 6 transformer(s) on dev.architectury.transformer.handler.TinyRemapperPreparedTransformerHandler
[Architectury Transformer DEBUG] Remapping with 1 mapping provider(s):
[Architectury Transformer DEBUG]  - dev.architectury.transformer.transformers.TransformNeoForgeEnvironment$$Lambda/0x000076b00002fbf0@4a3631f8
[Architectury Transformer DEBUG] Remapping Classes:
[Architectury Transformer DEBUG] net/fabricmc/api/EnvType -> net/neoforged/api/distmarker/Dist
[Architectury Transformer DEBUG] net/fabricmc/api/Environment -> net/neoforged/api/distmarker/OnlyIn
[Architectury Transformer DEBUG] Found class transformer
[Architectury Transformer DEBUG] Writing org/cneko/justarod/item/JRItems$Companion with maxs=true frames=true
[Architectury Transformer DEBUG] Transformed org/cneko/justarod/item/JRItems$Companion in 3.540 ms
[Architectury Transformer DEBUG] Transforming from org/cneko/justarod/item/rod/SlimeRodItem.class to org/cneko/justarod/item/rod/SlimeRodItem.class with 6 transformer(s) on dev.architectury.transformer.handler.TinyRemapperPreparedTransformerHandler
[Architectury Transformer DEBUG] Remapping with 1 mapping provider(s):
[Architectury Transformer DEBUG]  - dev.architectury.transformer.transformers.TransformNeoForgeEnvironment$$Lambda/0x000076b00002fbf0@4a3631f8
[Architectury Transformer DEBUG] Remapping Classes:
[Architectury Transformer DEBUG] net/fabricmc/api/EnvType -> net/neoforged/api/distmarker/Dist
[Architectury Transformer DEBUG] net/fabricmc/api/Environment -> net/neoforged/api/distmarker/OnlyIn
[Architectury Transformer DEBUG] Found class transformer
[Architectury Transformer DEBUG] Writing org/cneko/justarod/item/rod/SlimeRodItem with maxs=true frames=true
[Architectury Transformer DEBUG] Transformed org/cneko/justarod/item/rod/SlimeRodItem in 3.793 ms
[Architectury Transformer DEBUG] Transforming from org/cneko/justarod/item/rod/SelfUsedItem.class to org/cneko/justarod/item/rod/SelfUsedItem.class with 6 transformer(s) on dev.architectury.transformer.handler.TinyRemapperPreparedTransformerHandler
[Architectury Transformer DEBUG] Remapping with 1 mapping provider(s):
[Architectury Transformer DEBUG]  - dev.architectury.transformer.transformers.TransformNeoForgeEnvironment$$Lambda/0x000076b00002fbf0@4a3631f8
[Architectury Transformer DEBUG] Remapping Classes:
[Architectury Transformer DEBUG] net/fabricmc/api/EnvType -> net/neoforged/api/distmarker/Dist
[Architectury Transformer DEBUG] net/fabricmc/api/Environment -> net/neoforged/api/distmarker/OnlyIn
[Architectury Transformer DEBUG] Found class transformer
[Architectury Transformer DEBUG] Writing org/cneko/justarod/item/rod/SelfUsedItem with maxs=true frames=true
[Architectury Transformer DEBUG] Transformed org/cneko/justarod/item/rod/SelfUsedItem in 2.896 ms
[Architectury Transformer DEBUG] Transforming from org/cneko/justarod/item/rod/SelfUsedItemInterface.class to org/cneko/justarod/item/rod/SelfUsedItemInterface.class with 6 transformer(s) on dev.architectury.transformer.handler.TinyRemapperPreparedTransformerHandler
[Architectury Transformer DEBUG] Remapping with 1 mapping provider(s):
[Architectury Transformer DEBUG]  - dev.architectury.transformer.transformers.TransformNeoForgeEnvironment$$Lambda/0x000076b00002fbf0@4a3631f8
[Architectury Transformer DEBUG] Remapping Classes:
[Architectury Transformer DEBUG] net/fabricmc/api/EnvType -> net/neoforged/api/distmarker/Dist
[Architectury Transformer DEBUG] net/fabricmc/api/Environment -> net/neoforged/api/distmarker/OnlyIn
[Architectury Transformer DEBUG] Found class transformer
[Architectury Transformer DEBUG] Writing org/cneko/justarod/item/rod/SelfUsedItemInterface with maxs=true frames=true
[Architectury Transformer DEBUG] Transformed org/cneko/justarod/item/rod/SelfUsedItemInterface in 2.101 ms
[Architectury Transformer DEBUG] Transforming from org/cneko/justarod/item/rod/EndRodItemInterface.class to org/cneko/justarod/item/rod/EndRodItemInterface.class with 6 transformer(s) on dev.architectury.transformer.handler.TinyRemapperPreparedTransformerHandler
[Architectury Transformer DEBUG] Remapping with 1 mapping provider(s):
[Architectury Transformer DEBUG]  - dev.architectury.transformer.transformers.TransformNeoForgeEnvironment$$Lambda/0x000076b00002fbf0@4a3631f8
[Architectury Transformer DEBUG] Remapping Classes:
[Architectury Transformer DEBUG] net/fabricmc/api/EnvType -> net/neoforged/api/distmarker/Dist
[Architectury Transformer DEBUG] net/fabricmc/api/Environment -> net/neoforged/api/distmarker/OnlyIn
[Architectury Transformer DEBUG] Found class transformer
[Architectury Transformer DEBUG] Writing org/cneko/justarod/item/rod/EndRodItemInterface with maxs=true frames=true
[Architectury Transformer DEBUG] Transformed org/cneko/justarod/item/rod/EndRodItemInterface in 1.888 ms
[Architectury Transformer DEBUG] Transforming from org/cneko/justarod/item/rod/EndRodItem.class to org/cneko/justarod/item/rod/EndRodItem.class with 6 transformer(s) on dev.architectury.transformer.handler.TinyRemapperPreparedTransformerHandler
[Architectury Transformer DEBUG] Remapping with 1 mapping provider(s):
[Architectury Transformer DEBUG]  - dev.architectury.transformer.transformers.TransformNeoForgeEnvironment$$Lambda/0x000076b00002fbf0@4a3631f8
[Architectury Transformer DEBUG] Remapping Classes:
[Architectury Transformer DEBUG] net/fabricmc/api/EnvType -> net/neoforged/api/distmarker/Dist
[Architectury Transformer DEBUG] net/fabricmc/api/Environment -> net/neoforged/api/distmarker/OnlyIn
[Architectury Transformer DEBUG] Found class transformer
[Architectury Transformer DEBUG] Writing org/cneko/justarod/item/rod/EndRodItem with maxs=true frames=true
[Architectury Transformer DEBUG] Transformed org/cneko/justarod/item/rod/EndRodItem in 2.277 ms
[Architectury Transformer DEBUG] Transforming from org/cneko/justarod/item/JRComponents.class to org/cneko/justarod/item/JRComponents.class with 6 transformer(s) on dev.architectury.transformer.handler.TinyRemapperPreparedTransformerHandler
[Architectury Transformer DEBUG] Remapping with 1 mapping provider(s):
[Architectury Transformer DEBUG]  - dev.architectury.transformer.transformers.TransformNeoForgeEnvironment$$Lambda/0x000076b00002fbf0@4a3631f8
[Architectury Transformer DEBUG] Remapping Classes:
[Architectury Transformer DEBUG] net/fabricmc/api/EnvType -> net/neoforged/api/distmarker/Dist
[Architectury Transformer DEBUG] net/fabricmc/api/Environment -> net/neoforged/api/distmarker/OnlyIn
[Architectury Transformer DEBUG] Found class transformer
[Architectury Transformer DEBUG] Writing org/cneko/justarod/item/JRComponents with maxs=true frames=true
[Architectury Transformer DEBUG] Transformed org/cneko/justarod/item/JRComponents in 3.853 ms
[Architectury Transformer DEBUG] Transforming from org/cneko/justarod/item/JRComponents$Companion.class to org/cneko/justarod/item/JRComponents$Companion.class with 6 transformer(s) on dev.architectury.transformer.handler.TinyRemapperPreparedTransformerHandler
[Architectury Transformer DEBUG] Remapping with 1 mapping provider(s):
[Architectury Transformer DEBUG]  - dev.architectury.transformer.transformers.TransformNeoForgeEnvironment$$Lambda/0x000076b00002fbf0@4a3631f8
[Architectury Transformer DEBUG] Remapping Classes:
[Architectury Transformer DEBUG] net/fabricmc/api/EnvType -> net/neoforged/api/distmarker/Dist
[Architectury Transformer DEBUG] net/fabricmc/api/Environment -> net/neoforged/api/distmarker/OnlyIn
[Architectury Transformer DEBUG] Found class transformer
[Architectury Transformer DEBUG] Writing org/cneko/justarod/item/JRComponents$Companion with maxs=true frames=true
[Architectury Transformer DEBUG] Transformed org/cneko/justarod/item/JRComponents$Companion in 3.478 ms
[Architectury Transformer DEBUG] Transforming from org/cneko/justarod/item/JRComponents$PantsuState.class to org/cneko/justarod/item/JRComponents$PantsuState.class with 6 transformer(s) on dev.architectury.transformer.handler.TinyRemapperPreparedTransformerHandler
[Architectury Transformer DEBUG] Remapping with 1 mapping provider(s):
[Architectury Transformer DEBUG]  - dev.architectury.transformer.transformers.TransformNeoForgeEnvironment$$Lambda/0x000076b00002fbf0@4a3631f8
[Architectury Transformer DEBUG] Remapping Classes:
[Architectury Transformer DEBUG] net/fabricmc/api/EnvType -> net/neoforged/api/distmarker/Dist
[Architectury Transformer DEBUG] net/fabricmc/api/Environment -> net/neoforged/api/distmarker/OnlyIn
[Architectury Transformer DEBUG] Found class transformer
[Architectury Transformer DEBUG] Writing org/cneko/justarod/item/JRComponents$PantsuState with maxs=true frames=true
[Architectury Transformer DEBUG] Transformed org/cneko/justarod/item/JRComponents$PantsuState in 2.992 ms
[Architectury Transformer DEBUG] Transforming from org/cneko/justarod/item/JRComponents$PantsuState$Companion.class to org/cneko/justarod/item/JRComponents$PantsuState$Companion.class with 6 transformer(s) on dev.architectury.transformer.handler.TinyRemapperPreparedTransformerHandler
[Architectury Transformer DEBUG] Remapping with 1 mapping provider(s):
[Architectury Transformer DEBUG]  - dev.architectury.transformer.transformers.TransformNeoForgeEnvironment$$Lambda/0x000076b00002fbf0@4a3631f8
[Architectury Transformer DEBUG] Remapping Classes:
[Architectury Transformer DEBUG] net/fabricmc/api/EnvType -> net/neoforged/api/distmarker/Dist
[Architectury Transformer DEBUG] net/fabricmc/api/Environment -> net/neoforged/api/distmarker/OnlyIn
[Architectury Transformer DEBUG] Found class transformer
[Architectury Transformer DEBUG] Writing org/cneko/justarod/item/JRComponents$PantsuState$Companion with maxs=true frames=true
[Architectury Transformer DEBUG] Transformed org/cneko/justarod/item/JRComponents$PantsuState$Companion in 2.977 ms
[Architectury Transformer DEBUG] Transforming from org/cneko/justarod/item/rod/GiantRodItem.class to org/cneko/justarod/item/rod/GiantRodItem.class with 6 transformer(s) on dev.architectury.transformer.handler.TinyRemapperPreparedTransformerHandler
[Architectury Transformer DEBUG] Remapping with 1 mapping provider(s):
[Architectury Transformer DEBUG]  - dev.architectury.transformer.transformers.TransformNeoForgeEnvironment$$Lambda/0x000076b00002fbf0@4a3631f8
[Architectury Transformer DEBUG] Remapping Classes:
[Architectury Transformer DEBUG] net/fabricmc/api/EnvType -> net/neoforged/api/distmarker/Dist
[Architectury Transformer DEBUG] net/fabricmc/api/Environment -> net/neoforged/api/distmarker/OnlyIn
[Architectury Transformer DEBUG] Found class transformer
[Architectury Transformer DEBUG] Writing org/cneko/justarod/item/rod/GiantRodItem with maxs=true frames=true
[Architectury Transformer DEBUG] Transformed org/cneko/justarod/item/rod/GiantRodItem in 5.183 ms
[Architectury Transformer DEBUG] Transforming from org/cneko/justarod/item/rod/OtherUsedItem.class to org/cneko/justarod/item/rod/OtherUsedItem.class with 6 transformer(s) on dev.architectury.transformer.handler.TinyRemapperPreparedTransformerHandler
[Architectury Transformer DEBUG] Remapping with 1 mapping provider(s):
[Architectury Transformer DEBUG]  - dev.architectury.transformer.transformers.TransformNeoForgeEnvironment$$Lambda/0x000076b00002fbf0@4a3631f8
[Architectury Transformer DEBUG] Remapping Classes:
[Architectury Transformer DEBUG] net/fabricmc/api/EnvType -> net/neoforged/api/distmarker/Dist
[Architectury Transformer DEBUG] net/fabricmc/api/Environment -> net/neoforged/api/distmarker/OnlyIn
[Architectury Transformer DEBUG] Found class transformer
[Architectury Transformer DEBUG] Writing org/cneko/justarod/item/rod/OtherUsedItem with maxs=true frames=true
[Architectury Transformer DEBUG] Transformed org/cneko/justarod/item/rod/OtherUsedItem in 3.140 ms
[Architectury Transformer DEBUG] Transforming from org/cneko/justarod/item/rod/OtherUsedItemInterface.class to org/cneko/justarod/item/rod/OtherUsedItemInterface.class with 6 transformer(s) on dev.architectury.transformer.handler.TinyRemapperPreparedTransformerHandler
[Architectury Transformer DEBUG] Remapping with 1 mapping provider(s):
[Architectury Transformer DEBUG]  - dev.architectury.transformer.transformers.TransformNeoForgeEnvironment$$Lambda/0x000076b00002fbf0@4a3631f8
[Architectury Transformer DEBUG] Remapping Classes:
[Architectury Transformer DEBUG] net/fabricmc/api/EnvType -> net/neoforged/api/distmarker/Dist
[Architectury Transformer DEBUG] net/fabricmc/api/Environment -> net/neoforged/api/distmarker/OnlyIn
[Architectury Transformer DEBUG] Found class transformer
[Architectury Transformer DEBUG] Writing org/cneko/justarod/item/rod/OtherUsedItemInterface with maxs=true frames=true
[Architectury Transformer DEBUG] Transformed org/cneko/justarod/item/rod/OtherUsedItemInterface in 2.779 ms
[Architectury Transformer DEBUG] Transforming from org/cneko/justarod/item/LubricatingBookItem.class to org/cneko/justarod/item/LubricatingBookItem.class with 6 transformer(s) on dev.architectury.transformer.handler.TinyRemapperPreparedTransformerHandler
[Architectury Transformer DEBUG] Remapping with 1 mapping provider(s):
[Architectury Transformer DEBUG]  - dev.architectury.transformer.transformers.TransformNeoForgeEnvironment$$Lambda/0x000076b00002fbf0@4a3631f8
[Architectury Transformer DEBUG] Remapping Classes:
[Architectury Transformer DEBUG] net/fabricmc/api/EnvType -> net/neoforged/api/distmarker/Dist
[Architectury Transformer DEBUG] net/fabricmc/api/Environment -> net/neoforged/api/distmarker/OnlyIn
[Architectury Transformer DEBUG] Found class transformer
[Architectury Transformer DEBUG] Writing org/cneko/justarod/item/LubricatingBookItem with maxs=true frames=true
[Architectury Transformer DEBUG] Transformed org/cneko/justarod/item/LubricatingBookItem in 2.086 ms
[Architectury Transformer DEBUG] Transforming from org/cneko/justarod/item/rod/RedstoneEndRod.class to org/cneko/justarod/item/rod/RedstoneEndRod.class with 6 transformer(s) on dev.architectury.transformer.handler.TinyRemapperPreparedTransformerHandler
[Architectury Transformer DEBUG] Remapping with 1 mapping provider(s):
[Architectury Transformer DEBUG]  - dev.architectury.transformer.transformers.TransformNeoForgeEnvironment$$Lambda/0x000076b00002fbf0@4a3631f8
[Architectury Transformer DEBUG] Remapping Classes:
[Architectury Transformer DEBUG] net/fabricmc/api/EnvType -> net/neoforged/api/distmarker/Dist
[Architectury Transformer DEBUG] net/fabricmc/api/Environment -> net/neoforged/api/distmarker/OnlyIn
[Architectury Transformer DEBUG] Found class transformer
[Architectury Transformer DEBUG] Writing org/cneko/justarod/item/rod/RedstoneEndRod with maxs=true frames=true
[Architectury Transformer DEBUG] Transformed org/cneko/justarod/item/rod/RedstoneEndRod in 1.883 ms
[Architectury Transformer DEBUG] Transforming from org/cneko/justarod/item/rod/CactusRodItem.class to org/cneko/justarod/item/rod/CactusRodItem.class with 6 transformer(s) on dev.architectury.transformer.handler.TinyRemapperPreparedTransformerHandler
[Architectury Transformer DEBUG] Remapping with 1 mapping provider(s):
[Architectury Transformer DEBUG]  - dev.architectury.transformer.transformers.TransformNeoForgeEnvironment$$Lambda/0x000076b00002fbf0@4a3631f8
[Architectury Transformer DEBUG] Remapping Classes:
[Architectury Transformer DEBUG] net/fabricmc/api/EnvType -> net/neoforged/api/distmarker/Dist
[Architectury Transformer DEBUG] net/fabricmc/api/Environment -> net/neoforged/api/distmarker/OnlyIn
[Architectury Transformer DEBUG] Found class transformer
[Architectury Transformer DEBUG] Writing org/cneko/justarod/item/rod/CactusRodItem with maxs=true frames=true
[Architectury Transformer DEBUG] Transformed org/cneko/justarod/item/rod/CactusRodItem in 2.697 ms
[Architectury Transformer DEBUG] Transforming from org/cneko/justarod/item/rod/EatableRodItem.class to org/cneko/justarod/item/rod/EatableRodItem.class with 6 transformer(s) on dev.architectury.transformer.handler.TinyRemapperPreparedTransformerHandler
[Architectury Transformer DEBUG] Remapping with 1 mapping provider(s):
[Architectury Transformer DEBUG]  - dev.architectury.transformer.transformers.TransformNeoForgeEnvironment$$Lambda/0x000076b00002fbf0@4a3631f8
[Architectury Transformer DEBUG] Remapping Classes:
[Architectury Transformer DEBUG] net/fabricmc/api/EnvType -> net/neoforged/api/distmarker/Dist
[Architectury Transformer DEBUG] net/fabricmc/api/Environment -> net/neoforged/api/distmarker/OnlyIn
[Architectury Transformer DEBUG] Found class transformer
[Architectury Transformer DEBUG] Writing org/cneko/justarod/item/rod/EatableRodItem with maxs=true frames=true
[Architectury Transformer DEBUG] Transformed org/cneko/justarod/item/rod/EatableRodItem in 2.086 ms
[Architectury Transformer DEBUG] Transforming from org/cneko/justarod/item/rod/LongRodItem.class to org/cneko/justarod/item/rod/LongRodItem.class with 6 transformer(s) on dev.architectury.transformer.handler.TinyRemapperPreparedTransformerHandler
[Architectury Transformer DEBUG] Remapping with 1 mapping provider(s):
[Architectury Transformer DEBUG]  - dev.architectury.transformer.transformers.TransformNeoForgeEnvironment$$Lambda/0x000076b00002fbf0@4a3631f8
[Architectury Transformer DEBUG] Remapping Classes:
[Architectury Transformer DEBUG] net/fabricmc/api/EnvType -> net/neoforged/api/distmarker/Dist
[Architectury Transformer DEBUG] net/fabricmc/api/Environment -> net/neoforged/api/distmarker/OnlyIn
[Architectury Transformer DEBUG] Found class transformer
[Architectury Transformer DEBUG] Writing org/cneko/justarod/item/rod/LongRodItem with maxs=true frames=true
[Architectury Transformer DEBUG] Transformed org/cneko/justarod/item/rod/LongRodItem in 1.649 ms
[Architectury Transformer DEBUG] Transforming from org/cneko/justarod/item/rod/BothUsedItem.class to org/cneko/justarod/item/rod/BothUsedItem.class with 6 transformer(s) on dev.architectury.transformer.handler.TinyRemapperPreparedTransformerHandler
[Architectury Transformer DEBUG] Remapping with 1 mapping provider(s):
[Architectury Transformer DEBUG]  - dev.architectury.transformer.transformers.TransformNeoForgeEnvironment$$Lambda/0x000076b00002fbf0@4a3631f8
[Architectury Transformer DEBUG] Remapping Classes:
[Architectury Transformer DEBUG] net/fabricmc/api/EnvType -> net/neoforged/api/distmarker/Dist
[Architectury Transformer DEBUG] net/fabricmc/api/Environment -> net/neoforged/api/distmarker/OnlyIn
[Architectury Transformer DEBUG] Found class transformer
[Architectury Transformer DEBUG] Writing org/cneko/justarod/item/rod/BothUsedItem with maxs=true frames=true
[Architectury Transformer DEBUG] Transformed org/cneko/justarod/item/rod/BothUsedItem in 1.825 ms
[Architectury Transformer DEBUG] Transforming from org/cneko/justarod/item/rod/LongerRodItem.class to org/cneko/justarod/item/rod/LongerRodItem.class with 6 transformer(s) on dev.architectury.transformer.handler.TinyRemapperPreparedTransformerHandler
[Architectury Transformer DEBUG] Remapping with 1 mapping provider(s):
[Architectury Transformer DEBUG]  - dev.architectury.transformer.transformers.TransformNeoForgeEnvironment$$Lambda/0x000076b00002fbf0@4a3631f8
[Architectury Transformer DEBUG] Remapping Classes:
[Architectury Transformer DEBUG] net/fabricmc/api/EnvType -> net/neoforged/api/distmarker/Dist
[Architectury Transformer DEBUG] net/fabricmc/api/Environment -> net/neoforged/api/distmarker/OnlyIn
[Architectury Transformer DEBUG] Found class transformer
[Architectury Transformer DEBUG] Writing org/cneko/justarod/item/rod/LongerRodItem with maxs=true frames=true
[Architectury Transformer DEBUG] Transformed org/cneko/justarod/item/rod/LongerRodItem in 1.622 ms
[Architectury Transformer DEBUG] Transforming from org/cneko/justarod/item/rod/LightningEndRodItem.class to org/cneko/justarod/item/rod/LightningEndRodItem.class with 6 transformer(s) on dev.architectury.transformer.handler.TinyRemapperPreparedTransformerHandler
[Architectury Transformer DEBUG] Remapping with 1 mapping provider(s):
[Architectury Transformer DEBUG]  - dev.architectury.transformer.transformers.TransformNeoForgeEnvironment$$Lambda/0x000076b00002fbf0@4a3631f8
[Architectury Transformer DEBUG] Remapping Classes:
[Architectury Transformer DEBUG] net/fabricmc/api/EnvType -> net/neoforged/api/distmarker/Dist
[Architectury Transformer DEBUG] net/fabricmc/api/Environment -> net/neoforged/api/distmarker/OnlyIn
[Architectury Transformer DEBUG] Found class transformer
[Architectury Transformer DEBUG] Writing org/cneko/justarod/item/rod/LightningEndRodItem with maxs=true frames=true
[Architectury Transformer DEBUG] Transformed org/cneko/justarod/item/rod/LightningEndRodItem in 1.679 ms
[Architectury Transformer DEBUG] Transforming from org/cneko/justarod/item/rod/NetWorkingRodItem.class to org/cneko/justarod/item/rod/NetWorkingRodItem.class with 6 transformer(s) on dev.architectury.transformer.handler.TinyRemapperPreparedTransformerHandler
[Architectury Transformer DEBUG] Remapping with 1 mapping provider(s):
[Architectury Transformer DEBUG]  - dev.architectury.transformer.transformers.TransformNeoForgeEnvironment$$Lambda/0x000076b00002fbf0@4a3631f8
[Architectury Transformer DEBUG] Remapping Classes:
[Architectury Transformer DEBUG] net/fabricmc/api/EnvType -> net/neoforged/api/distmarker/Dist
[Architectury Transformer DEBUG] net/fabricmc/api/Environment -> net/neoforged/api/distmarker/OnlyIn
[Architectury Transformer DEBUG] Found class transformer
[Architectury Transformer DEBUG] Writing org/cneko/justarod/item/rod/NetWorkingRodItem with maxs=true frames=true
[Architectury Transformer DEBUG] Transformed org/cneko/justarod/item/rod/NetWorkingRodItem in 1.640 ms
[Architectury Transformer DEBUG] Transforming from org/cneko/justarod/item/electric/BasicElectricRodItem.class to org/cneko/justarod/item/electric/BasicElectricRodItem.class with 6 transformer(s) on dev.architectury.transformer.handler.TinyRemapperPreparedTransformerHandler
[Architectury Transformer DEBUG] Remapping with 1 mapping provider(s):
[Architectury Transformer DEBUG]  - dev.architectury.transformer.transformers.TransformNeoForgeEnvironment$$Lambda/0x000076b00002fbf0@4a3631f8
[Architectury Transformer DEBUG] Remapping Classes:
[Architectury Transformer DEBUG] net/fabricmc/api/EnvType -> net/neoforged/api/distmarker/Dist
[Architectury Transformer DEBUG] net/fabricmc/api/Environment -> net/neoforged/api/distmarker/OnlyIn
[Architectury Transformer DEBUG] Found class transformer
[Architectury Transformer DEBUG] Writing org/cneko/justarod/item/electric/BasicElectricRodItem with maxs=true frames=true
[Architectury Transformer DEBUG] Transformed org/cneko/justarod/item/electric/BasicElectricRodItem in 1.853 ms
[Architectury Transformer DEBUG] Transforming from org/cneko/justarod/item/electric/SelfUsedElectricRodItem.class to org/cneko/justarod/item/electric/SelfUsedElectricRodItem.class with 6 transformer(s) on dev.architectury.transformer.handler.TinyRemapperPreparedTransformerHandler
[Architectury Transformer DEBUG] Remapping with 1 mapping provider(s):
[Architectury Transformer DEBUG]  - dev.architectury.transformer.transformers.TransformNeoForgeEnvironment$$Lambda/0x000076b00002fbf0@4a3631f8
[Architectury Transformer DEBUG] Remapping Classes:
[Architectury Transformer DEBUG] net/fabricmc/api/EnvType -> net/neoforged/api/distmarker/Dist
[Architectury Transformer DEBUG] net/fabricmc/api/Environment -> net/neoforged/api/distmarker/OnlyIn
[Architectury Transformer DEBUG] Found class transformer
[Architectury Transformer DEBUG] Writing org/cneko/justarod/item/electric/SelfUsedElectricRodItem with maxs=true frames=true
[Architectury Transformer DEBUG] Transformed org/cneko/justarod/item/electric/SelfUsedElectricRodItem in 1.807 ms
[Architectury Transformer DEBUG] Transforming from org/cneko/justarod/item/electric/ElectricRodItem.class to org/cneko/justarod/item/electric/ElectricRodItem.class with 6 transformer(s) on dev.architectury.transformer.handler.TinyRemapperPreparedTransformerHandler
[Architectury Transformer DEBUG] Remapping with 1 mapping provider(s):
[Architectury Transformer DEBUG]  - dev.architectury.transformer.transformers.TransformNeoForgeEnvironment$$Lambda/0x000076b00002fbf0@4a3631f8
[Architectury Transformer DEBUG] Remapping Classes:
[Architectury Transformer DEBUG] net/fabricmc/api/EnvType -> net/neoforged/api/distmarker/Dist
[Architectury Transformer DEBUG] net/fabricmc/api/Environment -> net/neoforged/api/distmarker/OnlyIn
[Architectury Transformer DEBUG] Found class transformer
[Architectury Transformer DEBUG] Writing org/cneko/justarod/item/electric/ElectricRodItem with maxs=true frames=true
[Architectury Transformer DEBUG] Transformed org/cneko/justarod/item/electric/ElectricRodItem in 1.793 ms
[Architectury Transformer DEBUG] Transforming from org/cneko/justarod/item/syringe/BremelanotideItem.class to org/cneko/justarod/item/syringe/BremelanotideItem.class with 6 transformer(s) on dev.architectury.transformer.handler.TinyRemapperPreparedTransformerHandler
[Architectury Transformer DEBUG] Remapping with 1 mapping provider(s):
[Architectury Transformer DEBUG]  - dev.architectury.transformer.transformers.TransformNeoForgeEnvironment$$Lambda/0x000076b00002fbf0@4a3631f8
[Architectury Transformer DEBUG] Remapping Classes:
[Architectury Transformer DEBUG] net/fabricmc/api/EnvType -> net/neoforged/api/distmarker/Dist
[Architectury Transformer DEBUG] net/fabricmc/api/Environment -> net/neoforged/api/distmarker/OnlyIn
[Architectury Transformer DEBUG] Found class transformer
[Architectury Transformer DEBUG] Writing org/cneko/justarod/item/syringe/BremelanotideItem with maxs=true frames=true
[Architectury Transformer DEBUG] Transformed org/cneko/justarod/item/syringe/BremelanotideItem in 2.071 ms
[Architectury Transformer DEBUG] Transforming from org/cneko/justarod/item/syringe/BaseSyringeItem.class to org/cneko/justarod/item/syringe/BaseSyringeItem.class with 6 transformer(s) on dev.architectury.transformer.handler.TinyRemapperPreparedTransformerHandler
[Architectury Transformer DEBUG] Remapping with 1 mapping provider(s):
[Architectury Transformer DEBUG]  - dev.architectury.transformer.transformers.TransformNeoForgeEnvironment$$Lambda/0x000076b00002fbf0@4a3631f8
[Architectury Transformer DEBUG] Remapping Classes:
[Architectury Transformer DEBUG] net/fabricmc/api/EnvType -> net/neoforged/api/distmarker/Dist
[Architectury Transformer DEBUG] net/fabricmc/api/Environment -> net/neoforged/api/distmarker/OnlyIn
[Architectury Transformer DEBUG] Found class transformer
[Architectury Transformer DEBUG] Writing org/cneko/justarod/item/syringe/BaseSyringeItem with maxs=true frames=true
[Architectury Transformer DEBUG] Transformed org/cneko/justarod/item/syringe/BaseSyringeItem in 2.577 ms
[Architectury Transformer DEBUG] Transforming from org/cneko/justarod/item/syringe/BremelanotideItem$Companion.class to org/cneko/justarod/item/syringe/BremelanotideItem$Companion.class with 6 transformer(s) on dev.architectury.transformer.handler.TinyRemapperPreparedTransformerHandler
[Architectury Transformer DEBUG] Remapping with 1 mapping provider(s):
[Architectury Transformer DEBUG]  - dev.architectury.transformer.transformers.TransformNeoForgeEnvironment$$Lambda/0x000076b00002fbf0@4a3631f8
[Architectury Transformer DEBUG] Remapping Classes:
[Architectury Transformer DEBUG] net/fabricmc/api/EnvType -> net/neoforged/api/distmarker/Dist
[Architectury Transformer DEBUG] net/fabricmc/api/Environment -> net/neoforged/api/distmarker/OnlyIn
[Architectury Transformer DEBUG] Found class transformer
[Architectury Transformer DEBUG] Writing org/cneko/justarod/item/syringe/BremelanotideItem$Companion with maxs=true frames=true
[Architectury Transformer DEBUG] Transformed org/cneko/justarod/item/syringe/BremelanotideItem$Companion in 2.857 ms
[Architectury Transformer DEBUG] Transforming from org/cneko/justarod/item/syringe/GrowthAgentItem.class to org/cneko/justarod/item/syringe/GrowthAgentItem.class with 6 transformer(s) on dev.architectury.transformer.handler.TinyRemapperPreparedTransformerHandler
[Architectury Transformer DEBUG] Remapping with 1 mapping provider(s):
[Architectury Transformer DEBUG]  - dev.architectury.transformer.transformers.TransformNeoForgeEnvironment$$Lambda/0x000076b00002fbf0@4a3631f8
[Architectury Transformer DEBUG] Remapping Classes:
[Architectury Transformer DEBUG] net/fabricmc/api/EnvType -> net/neoforged/api/distmarker/Dist
[Architectury Transformer DEBUG] net/fabricmc/api/Environment -> net/neoforged/api/distmarker/OnlyIn
[Architectury Transformer DEBUG] Found class transformer
[Architectury Transformer DEBUG] Writing org/cneko/justarod/item/syringe/GrowthAgentItem with maxs=true frames=true
[Architectury Transformer DEBUG] Transformed org/cneko/justarod/item/syringe/GrowthAgentItem in 2.328 ms
[Architectury Transformer DEBUG] Transforming from org/cneko/justarod/item/syringe/ReverseGrowthAgentItem.class to org/cneko/justarod/item/syringe/ReverseGrowthAgentItem.class with 6 transformer(s) on dev.architectury.transformer.handler.TinyRemapperPreparedTransformerHandler
[Architectury Transformer DEBUG] Remapping with 1 mapping provider(s):
[Architectury Transformer DEBUG]  - dev.architectury.transformer.transformers.TransformNeoForgeEnvironment$$Lambda/0x000076b00002fbf0@4a3631f8
[Architectury Transformer DEBUG] Remapping Classes:
[Architectury Transformer DEBUG] net/fabricmc/api/EnvType -> net/neoforged/api/distmarker/Dist
[Architectury Transformer DEBUG] net/fabricmc/api/Environment -> net/neoforged/api/distmarker/OnlyIn
[Architectury Transformer DEBUG] Found class transformer
[Architectury Transformer DEBUG] Writing org/cneko/justarod/item/syringe/ReverseGrowthAgentItem with maxs=true frames=true
[Architectury Transformer DEBUG] Transformed org/cneko/justarod/item/syringe/ReverseGrowthAgentItem in 2.709 ms
[Architectury Transformer DEBUG] Transforming from org/cneko/justarod/item/syringe/RodAgentItem.class to org/cneko/justarod/item/syringe/RodAgentItem.class with 6 transformer(s) on dev.architectury.transformer.handler.TinyRemapperPreparedTransformerHandler
[Architectury Transformer DEBUG] Remapping with 1 mapping provider(s):
[Architectury Transformer DEBUG]  - dev.architectury.transformer.transformers.TransformNeoForgeEnvironment$$Lambda/0x000076b00002fbf0@4a3631f8
[Architectury Transformer DEBUG] Remapping Classes:
[Architectury Transformer DEBUG] net/fabricmc/api/EnvType -> net/neoforged/api/distmarker/Dist
[Architectury Transformer DEBUG] net/fabricmc/api/Environment -> net/neoforged/api/distmarker/OnlyIn
[Architectury Transformer DEBUG] Found class transformer
[Architectury Transformer DEBUG] Writing org/cneko/justarod/item/syringe/RodAgentItem with maxs=true frames=true
[Architectury Transformer DEBUG] Transformed org/cneko/justarod/item/syringe/RodAgentItem in 2.345 ms
[Architectury Transformer DEBUG] Transforming from org/cneko/justarod/item/electric/AdvancedElectricRodItem.class to org/cneko/justarod/item/electric/AdvancedElectricRodItem.class with 6 transformer(s) on dev.architectury.transformer.handler.TinyRemapperPreparedTransformerHandler
[Architectury Transformer DEBUG] Remapping with 1 mapping provider(s):
[Architectury Transformer DEBUG]  - dev.architectury.transformer.transformers.TransformNeoForgeEnvironment$$Lambda/0x000076b00002fbf0@4a3631f8
[Architectury Transformer DEBUG] Remapping Classes:
[Architectury Transformer DEBUG] net/fabricmc/api/EnvType -> net/neoforged/api/distmarker/Dist
[Architectury Transformer DEBUG] net/fabricmc/api/Environment -> net/neoforged/api/distmarker/OnlyIn
[Architectury Transformer DEBUG] Found class transformer
[Architectury Transformer DEBUG] Writing org/cneko/justarod/item/electric/AdvancedElectricRodItem with maxs=true frames=true
[Architectury Transformer DEBUG] Transformed org/cneko/justarod/item/electric/AdvancedElectricRodItem in 2.997 ms
[Architectury Transformer DEBUG] Transforming from org/cneko/justarod/item/electric/MultiModeSelfUsedElectricRodItem.class to org/cneko/justarod/item/electric/MultiModeSelfUsedElectricRodItem.class with 6 transformer(s) on dev.architectury.transformer.handler.TinyRemapperPreparedTransformerHandler
[Architectury Transformer DEBUG] Remapping with 1 mapping provider(s):
[Architectury Transformer DEBUG]  - dev.architectury.transformer.transformers.TransformNeoForgeEnvironment$$Lambda/0x000076b00002fbf0@4a3631f8
[Architectury Transformer DEBUG] Remapping Classes:
[Architectury Transformer DEBUG] net/fabricmc/api/EnvType -> net/neoforged/api/distmarker/Dist
[Architectury Transformer DEBUG] net/fabricmc/api/Environment -> net/neoforged/api/distmarker/OnlyIn
[Architectury Transformer DEBUG] Found class transformer
[Architectury Transformer DEBUG] Writing org/cneko/justarod/item/electric/MultiModeSelfUsedElectricRodItem with maxs=true frames=true
[Architectury Transformer DEBUG] Transformed org/cneko/justarod/item/electric/MultiModeSelfUsedElectricRodItem in 2.083 ms
[Architectury Transformer DEBUG] Transforming from org/cneko/justarod/item/electric/IndustrialElectricRodItem.class to org/cneko/justarod/item/electric/IndustrialElectricRodItem.class with 6 transformer(s) on dev.architectury.transformer.handler.TinyRemapperPreparedTransformerHandler
[Architectury Transformer DEBUG] Remapping with 1 mapping provider(s):
[Architectury Transformer DEBUG]  - dev.architectury.transformer.transformers.TransformNeoForgeEnvironment$$Lambda/0x000076b00002fbf0@4a3631f8
[Architectury Transformer DEBUG] Remapping Classes:
[Architectury Transformer DEBUG] net/fabricmc/api/EnvType -> net/neoforged/api/distmarker/Dist
[Architectury Transformer DEBUG] net/fabricmc/api/Environment -> net/neoforged/api/distmarker/OnlyIn
[Architectury Transformer DEBUG] Found class transformer
[Architectury Transformer DEBUG] Writing org/cneko/justarod/item/electric/IndustrialElectricRodItem with maxs=true frames=true
[Architectury Transformer DEBUG] Transformed org/cneko/justarod/item/electric/IndustrialElectricRodItem in 1.675 ms
[Architectury Transformer DEBUG] Transforming from org/cneko/justarod/item/rod/FirecrackerRodItem.class to org/cneko/justarod/item/rod/FirecrackerRodItem.class with 6 transformer(s) on dev.architectury.transformer.handler.TinyRemapperPreparedTransformerHandler
[Architectury Transformer DEBUG] Remapping with 1 mapping provider(s):
[Architectury Transformer DEBUG]  - dev.architectury.transformer.transformers.TransformNeoForgeEnvironment$$Lambda/0x000076b00002fbf0@4a3631f8
[Architectury Transformer DEBUG] Remapping Classes:
[Architectury Transformer DEBUG] net/fabricmc/api/EnvType -> net/neoforged/api/distmarker/Dist
[Architectury Transformer DEBUG] net/fabricmc/api/Environment -> net/neoforged/api/distmarker/OnlyIn
[Architectury Transformer DEBUG] Found class transformer
[Architectury Transformer DEBUG] Writing org/cneko/justarod/item/rod/FirecrackerRodItem with maxs=true frames=true
[Architectury Transformer DEBUG] Transformed org/cneko/justarod/item/rod/FirecrackerRodItem in 1.896 ms
[Architectury Transformer DEBUG] Transforming from org/cneko/justarod/item/InsertionPedestalItem.class to org/cneko/justarod/item/InsertionPedestalItem.class with 6 transformer(s) on dev.architectury.transformer.handler.TinyRemapperPreparedTransformerHandler
[Architectury Transformer DEBUG] Remapping with 1 mapping provider(s):
[Architectury Transformer DEBUG]  - dev.architectury.transformer.transformers.TransformNeoForgeEnvironment$$Lambda/0x000076b00002fbf0@4a3631f8
[Architectury Transformer DEBUG] Remapping Classes:
[Architectury Transformer DEBUG] net/fabricmc/api/EnvType -> net/neoforged/api/distmarker/Dist
[Architectury Transformer DEBUG] net/fabricmc/api/Environment -> net/neoforged/api/distmarker/OnlyIn
[Architectury Transformer DEBUG] Found class transformer
[Architectury Transformer DEBUG] Writing org/cneko/justarod/item/InsertionPedestalItem with maxs=true frames=true
[Architectury Transformer DEBUG] Transformed org/cneko/justarod/item/InsertionPedestalItem in 1.686 ms
[Architectury Transformer DEBUG] Transforming from org/cneko/justarod/item/RetrieverItem.class to org/cneko/justarod/item/RetrieverItem.class with 6 transformer(s) on dev.architectury.transformer.handler.TinyRemapperPreparedTransformerHandler
[Architectury Transformer DEBUG] Remapping with 1 mapping provider(s):
[Architectury Transformer DEBUG]  - dev.architectury.transformer.transformers.TransformNeoForgeEnvironment$$Lambda/0x000076b00002fbf0@4a3631f8
[Architectury Transformer DEBUG] Remapping Classes:
[Architectury Transformer DEBUG] net/fabricmc/api/EnvType -> net/neoforged/api/distmarker/Dist
[Architectury Transformer DEBUG] net/fabricmc/api/Environment -> net/neoforged/api/distmarker/OnlyIn
[Architectury Transformer DEBUG] Found class transformer
[Architectury Transformer DEBUG] Writing org/cneko/justarod/item/RetrieverItem with maxs=true frames=true
[Architectury Transformer DEBUG] Transformed org/cneko/justarod/item/RetrieverItem in 1.638 ms
[Architectury Transformer DEBUG] Transforming from org/cneko/justarod/effect/JREffects.class to org/cneko/justarod/effect/JREffects.class with 6 transformer(s) on dev.architectury.transformer.handler.TinyRemapperPreparedTransformerHandler
[Architectury Transformer DEBUG] Remapping with 1 mapping provider(s):
[Architectury Transformer DEBUG]  - dev.architectury.transformer.transformers.TransformNeoForgeEnvironment$$Lambda/0x000076b00002fbf0@4a3631f8
[Architectury Transformer DEBUG] Remapping Classes:
[Architectury Transformer DEBUG] net/fabricmc/api/EnvType -> net/neoforged/api/distmarker/Dist
[Architectury Transformer DEBUG] net/fabricmc/api/Environment -> net/neoforged/api/distmarker/OnlyIn
[Architectury Transformer DEBUG] Found class transformer
[Architectury Transformer DEBUG] Writing org/cneko/justarod/effect/JREffects with maxs=true frames=true
[Architectury Transformer DEBUG] Transformed org/cneko/justarod/effect/JREffects in 1.558 ms
[Architectury Transformer DEBUG] Transforming from org/cneko/justarod/effect/JREffects$Companion.class to org/cneko/justarod/effect/JREffects$Companion.class with 6 transformer(s) on dev.architectury.transformer.handler.TinyRemapperPreparedTransformerHandler
[Architectury Transformer DEBUG] Remapping with 1 mapping provider(s):
[Architectury Transformer DEBUG]  - dev.architectury.transformer.transformers.TransformNeoForgeEnvironment$$Lambda/0x000076b00002fbf0@4a3631f8
[Architectury Transformer DEBUG] Remapping Classes:
[Architectury Transformer DEBUG] net/fabricmc/api/EnvType -> net/neoforged/api/distmarker/Dist
[Architectury Transformer DEBUG] net/fabricmc/api/Environment -> net/neoforged/api/distmarker/OnlyIn
[Architectury Transformer DEBUG] Found class transformer
[Architectury Transformer DEBUG] Writing org/cneko/justarod/effect/JREffects$Companion with maxs=true frames=true
[Architectury Transformer DEBUG] Transformed org/cneko/justarod/effect/JREffects$Companion in 1.407 ms
[Architectury Transformer DEBUG] Transforming from org/cneko/justarod/effect/OrgasmEffect.class to org/cneko/justarod/effect/OrgasmEffect.class with 6 transformer(s) on dev.architectury.transformer.handler.TinyRemapperPreparedTransformerHandler
[Architectury Transformer DEBUG] Remapping with 1 mapping provider(s):
[Architectury Transformer DEBUG]  - dev.architectury.transformer.transformers.TransformNeoForgeEnvironment$$Lambda/0x000076b00002fbf0@4a3631f8
[Architectury Transformer DEBUG] Remapping Classes:
[Architectury Transformer DEBUG] net/fabricmc/api/EnvType -> net/neoforged/api/distmarker/Dist
[Architectury Transformer DEBUG] net/fabricmc/api/Environment -> net/neoforged/api/distmarker/OnlyIn
[Architectury Transformer DEBUG] Found class transformer
[Architectury Transformer DEBUG] Writing org/cneko/justarod/effect/OrgasmEffect with maxs=true frames=true
[Architectury Transformer DEBUG] Transformed org/cneko/justarod/effect/OrgasmEffect in 1.456 ms
[Architectury Transformer DEBUG] Transforming from org/cneko/justarod/effect/OrgasmEffect$Companion.class to org/cneko/justarod/effect/OrgasmEffect$Companion.class with 6 transformer(s) on dev.architectury.transformer.handler.TinyRemapperPreparedTransformerHandler
[Architectury Transformer DEBUG] Remapping with 1 mapping provider(s):
[Architectury Transformer DEBUG]  - dev.architectury.transformer.transformers.TransformNeoForgeEnvironment$$Lambda/0x000076b00002fbf0@4a3631f8
[Architectury Transformer DEBUG] Remapping Classes:
[Architectury Transformer DEBUG] net/fabricmc/api/EnvType -> net/neoforged/api/distmarker/Dist
[Architectury Transformer DEBUG] net/fabricmc/api/Environment -> net/neoforged/api/distmarker/OnlyIn
[Architectury Transformer DEBUG] Found class transformer
[Architectury Transformer DEBUG] Writing org/cneko/justarod/effect/OrgasmEffect$Companion with maxs=true frames=true
[Architectury Transformer DEBUG] Transformed org/cneko/justarod/effect/OrgasmEffect$Companion in 1.451 ms
[Architectury Transformer DEBUG] Transforming from org/cneko/justarod/effect/LubricatingEffect.class to org/cneko/justarod/effect/LubricatingEffect.class with 6 transformer(s) on dev.architectury.transformer.handler.TinyRemapperPreparedTransformerHandler
[Architectury Transformer DEBUG] Remapping with 1 mapping provider(s):
[Architectury Transformer DEBUG]  - dev.architectury.transformer.transformers.TransformNeoForgeEnvironment$$Lambda/0x000076b00002fbf0@4a3631f8
[Architectury Transformer DEBUG] Remapping Classes:
[Architectury Transformer DEBUG] net/fabricmc/api/EnvType -> net/neoforged/api/distmarker/Dist
[Architectury Transformer DEBUG] net/fabricmc/api/Environment -> net/neoforged/api/distmarker/OnlyIn
[Architectury Transformer DEBUG] Found class transformer
[Architectury Transformer DEBUG] Writing org/cneko/justarod/effect/LubricatingEffect with maxs=true frames=true
[Architectury Transformer DEBUG] Transformed org/cneko/justarod/effect/LubricatingEffect in 1.474 ms
[Architectury Transformer DEBUG] Transforming from org/cneko/justarod/effect/EstrusEffect.class to org/cneko/justarod/effect/EstrusEffect.class with 6 transformer(s) on dev.architectury.transformer.handler.TinyRemapperPreparedTransformerHandler
[Architectury Transformer DEBUG] Remapping with 1 mapping provider(s):
[Architectury Transformer DEBUG]  - dev.architectury.transformer.transformers.TransformNeoForgeEnvironment$$Lambda/0x000076b00002fbf0@4a3631f8
[Architectury Transformer DEBUG] Remapping Classes:
[Architectury Transformer DEBUG] net/fabricmc/api/EnvType -> net/neoforged/api/distmarker/Dist
[Architectury Transformer DEBUG] net/fabricmc/api/Environment -> net/neoforged/api/distmarker/OnlyIn
[Architectury Transformer DEBUG] Found class transformer
[Architectury Transformer DEBUG] Writing org/cneko/justarod/effect/EstrusEffect with maxs=true frames=true
[Architectury Transformer DEBUG] Transformed org/cneko/justarod/effect/EstrusEffect in 1.427 ms
[Architectury Transformer DEBUG] Transforming from org/cneko/justarod/effect/StrongEffect.class to org/cneko/justarod/effect/StrongEffect.class with 6 transformer(s) on dev.architectury.transformer.handler.TinyRemapperPreparedTransformerHandler
[Architectury Transformer DEBUG] Remapping with 1 mapping provider(s):
[Architectury Transformer DEBUG]  - dev.architectury.transformer.transformers.TransformNeoForgeEnvironment$$Lambda/0x000076b00002fbf0@4a3631f8
[Architectury Transformer DEBUG] Remapping Classes:
[Architectury Transformer DEBUG] net/fabricmc/api/EnvType -> net/neoforged/api/distmarker/Dist
[Architectury Transformer DEBUG] net/fabricmc/api/Environment -> net/neoforged/api/distmarker/OnlyIn
[Architectury Transformer DEBUG] Found class transformer
[Architectury Transformer DEBUG] Writing org/cneko/justarod/effect/StrongEffect with maxs=true frames=true
[Architectury Transformer DEBUG] Transformed org/cneko/justarod/effect/StrongEffect in 1.416 ms
[Architectury Transformer DEBUG] Transforming from org/cneko/justarod/effect/FaintEffect.class to org/cneko/justarod/effect/FaintEffect.class with 6 transformer(s) on dev.architectury.transformer.handler.TinyRemapperPreparedTransformerHandler
[Architectury Transformer DEBUG] Remapping with 1 mapping provider(s):
[Architectury Transformer DEBUG]  - dev.architectury.transformer.transformers.TransformNeoForgeEnvironment$$Lambda/0x000076b00002fbf0@4a3631f8
[Architectury Transformer DEBUG] Remapping Classes:
[Architectury Transformer DEBUG] net/fabricmc/api/EnvType -> net/neoforged/api/distmarker/Dist
[Architectury Transformer DEBUG] net/fabricmc/api/Environment -> net/neoforged/api/distmarker/OnlyIn
[Architectury Transformer DEBUG] Found class transformer
[Architectury Transformer DEBUG] Writing org/cneko/justarod/effect/FaintEffect with maxs=true frames=true
[Architectury Transformer DEBUG] Transformed org/cneko/justarod/effect/FaintEffect in 1.312 ms
[Architectury Transformer DEBUG] Transforming from org/cneko/justarod/effect/PregnantEffect.class to org/cneko/justarod/effect/PregnantEffect.class with 6 transformer(s) on dev.architectury.transformer.handler.TinyRemapperPreparedTransformerHandler
[Architectury Transformer DEBUG] Remapping with 1 mapping provider(s):
[Architectury Transformer DEBUG]  - dev.architectury.transformer.transformers.TransformNeoForgeEnvironment$$Lambda/0x000076b00002fbf0@4a3631f8
[Architectury Transformer DEBUG] Remapping Classes:
[Architectury Transformer DEBUG] net/fabricmc/api/EnvType -> net/neoforged/api/distmarker/Dist
[Architectury Transformer DEBUG] net/fabricmc/api/Environment -> net/neoforged/api/distmarker/OnlyIn
[Architectury Transformer DEBUG] Found class transformer
[Architectury Transformer DEBUG] Writing org/cneko/justarod/effect/PregnantEffect with maxs=true frames=true
[Architectury Transformer DEBUG] Transformed org/cneko/justarod/effect/PregnantEffect in 1.346 ms
[Architectury Transformer DEBUG] Transforming from org/cneko/justarod/effect/PregnantEffect$Companion.class to org/cneko/justarod/effect/PregnantEffect$Companion.class with 6 transformer(s) on dev.architectury.transformer.handler.TinyRemapperPreparedTransformerHandler
[Architectury Transformer DEBUG] Remapping with 1 mapping provider(s):
[Architectury Transformer DEBUG]  - dev.architectury.transformer.transformers.TransformNeoForgeEnvironment$$Lambda/0x000076b00002fbf0@4a3631f8
[Architectury Transformer DEBUG] Remapping Classes:
[Architectury Transformer DEBUG] net/fabricmc/api/EnvType -> net/neoforged/api/distmarker/Dist
[Architectury Transformer DEBUG] net/fabricmc/api/Environment -> net/neoforged/api/distmarker/OnlyIn
[Architectury Transformer DEBUG] Found class transformer
[Architectury Transformer DEBUG] Writing org/cneko/justarod/effect/PregnantEffect$Companion with maxs=true frames=true
[Architectury Transformer DEBUG] Transformed org/cneko/justarod/effect/PregnantEffect$Companion in 1.287 ms
[Architectury Transformer DEBUG] Transforming from org/cneko/justarod/JRUtil.class to org/cneko/justarod/JRUtil.class with 6 transformer(s) on dev.architectury.transformer.handler.TinyRemapperPreparedTransformerHandler
[Architectury Transformer DEBUG] Remapping with 1 mapping provider(s):
[Architectury Transformer DEBUG]  - dev.architectury.transformer.transformers.TransformNeoForgeEnvironment$$Lambda/0x000076b00002fbf0@4a3631f8
[Architectury Transformer DEBUG] Remapping Classes:
[Architectury Transformer DEBUG] net/fabricmc/api/EnvType -> net/neoforged/api/distmarker/Dist
[Architectury Transformer DEBUG] net/fabricmc/api/Environment -> net/neoforged/api/distmarker/OnlyIn
[Architectury Transformer DEBUG] Found class transformer
[Architectury Transformer DEBUG] Writing org/cneko/justarod/JRUtil with maxs=true frames=true
[Architectury Transformer DEBUG] Transformed org/cneko/justarod/JRUtil in 1.309 ms
[Architectury Transformer DEBUG] Transforming from org/cneko/justarod/JRUtil$Companion.class to org/cneko/justarod/JRUtil$Companion.class with 6 transformer(s) on dev.architectury.transformer.handler.TinyRemapperPreparedTransformerHandler
[Architectury Transformer DEBUG] Remapping with 1 mapping provider(s):
[Architectury Transformer DEBUG]  - dev.architectury.transformer.transformers.TransformNeoForgeEnvironment$$Lambda/0x000076b00002fbf0@4a3631f8
[Architectury Transformer DEBUG] Remapping Classes:
[Architectury Transformer DEBUG] net/fabricmc/api/EnvType -> net/neoforged/api/distmarker/Dist
[Architectury Transformer DEBUG] net/fabricmc/api/Environment -> net/neoforged/api/distmarker/OnlyIn
[Architectury Transformer DEBUG] Found class transformer
[Architectury Transformer DEBUG] Writing org/cneko/justarod/JRUtil$Companion with maxs=true frames=true
[Architectury Transformer DEBUG] Transformed org/cneko/justarod/JRUtil$Companion in 1.704 ms
[Architectury Transformer DEBUG] Transforming from org/cneko/justarod/effect/AIDSEffect.class to org/cneko/justarod/effect/AIDSEffect.class with 6 transformer(s) on dev.architectury.transformer.handler.TinyRemapperPreparedTransformerHandler
[Architectury Transformer DEBUG] Remapping with 1 mapping provider(s):
[Architectury Transformer DEBUG]  - dev.architectury.transformer.transformers.TransformNeoForgeEnvironment$$Lambda/0x000076b00002fbf0@4a3631f8
[Architectury Transformer DEBUG] Remapping Classes:
[Architectury Transformer DEBUG] net/fabricmc/api/EnvType -> net/neoforged/api/distmarker/Dist
[Architectury Transformer DEBUG] net/fabricmc/api/Environment -> net/neoforged/api/distmarker/OnlyIn
[Architectury Transformer DEBUG] Found class transformer
[Architectury Transformer DEBUG] Writing org/cneko/justarod/effect/AIDSEffect with maxs=true frames=true
[Architectury Transformer DEBUG] Transformed org/cneko/justarod/effect/AIDSEffect in 1.338 ms
[Architectury Transformer DEBUG] Transforming from org/cneko/justarod/effect/HPVEffect.class to org/cneko/justarod/effect/HPVEffect.class with 6 transformer(s) on dev.architectury.transformer.handler.TinyRemapperPreparedTransformerHandler
[Architectury Transformer DEBUG] Remapping with 1 mapping provider(s):
[Architectury Transformer DEBUG]  - dev.architectury.transformer.transformers.TransformNeoForgeEnvironment$$Lambda/0x000076b00002fbf0@4a3631f8
[Architectury Transformer DEBUG] Remapping Classes:
[Architectury Transformer DEBUG] net/fabricmc/api/EnvType -> net/neoforged/api/distmarker/Dist
[Architectury Transformer DEBUG] net/fabricmc/api/Environment -> net/neoforged/api/distmarker/OnlyIn
[Architectury Transformer DEBUG] Found class transformer
[Architectury Transformer DEBUG] Writing org/cneko/justarod/effect/HPVEffect with maxs=true frames=true
[Architectury Transformer DEBUG] Transformed org/cneko/justarod/effect/HPVEffect in 1.354 ms
[Architectury Transformer DEBUG] Transforming from org/cneko/justarod/effect/VaginitisEffect.class to org/cneko/justarod/effect/VaginitisEffect.class with 6 transformer(s) on dev.architectury.transformer.handler.TinyRemapperPreparedTransformerHandler
[Architectury Transformer DEBUG] Remapping with 1 mapping provider(s):
[Architectury Transformer DEBUG]  - dev.architectury.transformer.transformers.TransformNeoForgeEnvironment$$Lambda/0x000076b00002fbf0@4a3631f8
[Architectury Transformer DEBUG] Remapping Classes:
[Architectury Transformer DEBUG] net/fabricmc/api/EnvType -> net/neoforged/api/distmarker/Dist
[Architectury Transformer DEBUG] net/fabricmc/api/Environment -> net/neoforged/api/distmarker/OnlyIn
[Architectury Transformer DEBUG] Found class transformer
[Architectury Transformer DEBUG] Writing org/cneko/justarod/effect/VaginitisEffect with maxs=true frames=true
[Architectury Transformer DEBUG] Transformed org/cneko/justarod/effect/VaginitisEffect in 1.409 ms
[Architectury Transformer DEBUG] Transforming from org/cneko/justarod/effect/OvarianCancerEffect.class to org/cneko/justarod/effect/OvarianCancerEffect.class with 6 transformer(s) on dev.architectury.transformer.handler.TinyRemapperPreparedTransformerHandler
[Architectury Transformer DEBUG] Remapping with 1 mapping provider(s):
[Architectury Transformer DEBUG]  - dev.architectury.transformer.transformers.TransformNeoForgeEnvironment$$Lambda/0x000076b00002fbf0@4a3631f8
[Architectury Transformer DEBUG] Remapping Classes:
[Architectury Transformer DEBUG] net/fabricmc/api/EnvType -> net/neoforged/api/distmarker/Dist
[Architectury Transformer DEBUG] net/fabricmc/api/Environment -> net/neoforged/api/distmarker/OnlyIn
[Architectury Transformer DEBUG] Found class transformer
[Architectury Transformer DEBUG] Writing org/cneko/justarod/effect/OvarianCancerEffect with maxs=true frames=true
[Architectury Transformer DEBUG] Transformed org/cneko/justarod/effect/OvarianCancerEffect in 1.344 ms
[Architectury Transformer DEBUG] Transforming from org/cneko/justarod/effect/SyphilisEffect.class to org/cneko/justarod/effect/SyphilisEffect.class with 6 transformer(s) on dev.architectury.transformer.handler.TinyRemapperPreparedTransformerHandler
[Architectury Transformer DEBUG] Remapping with 1 mapping provider(s):
[Architectury Transformer DEBUG]  - dev.architectury.transformer.transformers.TransformNeoForgeEnvironment$$Lambda/0x000076b00002fbf0@4a3631f8
[Architectury Transformer DEBUG] Remapping Classes:
[Architectury Transformer DEBUG] net/fabricmc/api/EnvType -> net/neoforged/api/distmarker/Dist
[Architectury Transformer DEBUG] net/fabricmc/api/Environment -> net/neoforged/api/distmarker/OnlyIn
[Architectury Transformer DEBUG] Found class transformer
[Architectury Transformer DEBUG] Writing org/cneko/justarod/effect/SyphilisEffect with maxs=true frames=true
[Architectury Transformer DEBUG] Transformed org/cneko/justarod/effect/SyphilisEffect in 1.388 ms
[Architectury Transformer DEBUG] Transforming from org/cneko/justarod/effect/JumpNerfEffect.class to org/cneko/justarod/effect/JumpNerfEffect.class with 6 transformer(s) on dev.architectury.transformer.handler.TinyRemapperPreparedTransformerHandler
[Architectury Transformer DEBUG] Remapping with 1 mapping provider(s):
[Architectury Transformer DEBUG]  - dev.architectury.transformer.transformers.TransformNeoForgeEnvironment$$Lambda/0x000076b00002fbf0@4a3631f8
[Architectury Transformer DEBUG] Remapping Classes:
[Architectury Transformer DEBUG] net/fabricmc/api/EnvType -> net/neoforged/api/distmarker/Dist
[Architectury Transformer DEBUG] net/fabricmc/api/Environment -> net/neoforged/api/distmarker/OnlyIn
[Architectury Transformer DEBUG] Found class transformer
[Architectury Transformer DEBUG] Writing org/cneko/justarod/effect/JumpNerfEffect with maxs=true frames=true
[Architectury Transformer DEBUG] Transformed org/cneko/justarod/effect/JumpNerfEffect in 1.585 ms
[Architectury Transformer DEBUG] Transforming from org/cneko/justarod/effect/JumpNerfEffect$Companion.class to org/cneko/justarod/effect/JumpNerfEffect$Companion.class with 6 transformer(s) on dev.architectury.transformer.handler.TinyRemapperPreparedTransformerHandler
[Architectury Transformer DEBUG] Remapping with 1 mapping provider(s):
[Architectury Transformer DEBUG]  - dev.architectury.transformer.transformers.TransformNeoForgeEnvironment$$Lambda/0x000076b00002fbf0@4a3631f8
[Architectury Transformer DEBUG] Remapping Classes:
[Architectury Transformer DEBUG] net/fabricmc/api/EnvType -> net/neoforged/api/distmarker/Dist
[Architectury Transformer DEBUG] net/fabricmc/api/Environment -> net/neoforged/api/distmarker/OnlyIn
[Architectury Transformer DEBUG] Found class transformer
[Architectury Transformer DEBUG] Writing org/cneko/justarod/effect/JumpNerfEffect$Companion with maxs=true frames=true
[Architectury Transformer DEBUG] Transformed org/cneko/justarod/effect/JumpNerfEffect$Companion in 1.222 ms
[Architectury Transformer DEBUG] Transforming from org/cneko/justarod/effect/KenjaTimeEffect.class to org/cneko/justarod/effect/KenjaTimeEffect.class with 6 transformer(s) on dev.architectury.transformer.handler.TinyRemapperPreparedTransformerHandler
[Architectury Transformer DEBUG] Remapping with 1 mapping provider(s):
[Architectury Transformer DEBUG]  - dev.architectury.transformer.transformers.TransformNeoForgeEnvironment$$Lambda/0x000076b00002fbf0@4a3631f8
[Architectury Transformer DEBUG] Remapping Classes:
[Architectury Transformer DEBUG] net/fabricmc/api/EnvType -> net/neoforged/api/distmarker/Dist
[Architectury Transformer DEBUG] net/fabricmc/api/Environment -> net/neoforged/api/distmarker/OnlyIn
[Architectury Transformer DEBUG] Found class transformer
[Architectury Transformer DEBUG] Writing org/cneko/justarod/effect/KenjaTimeEffect with maxs=true frames=true
[Architectury Transformer DEBUG] Transformed org/cneko/justarod/effect/KenjaTimeEffect in 1.242 ms
[Architectury Transformer DEBUG] Transforming from org/cneko/justarod/effect/SmearyEffect.class to org/cneko/justarod/effect/SmearyEffect.class with 6 transformer(s) on dev.architectury.transformer.handler.TinyRemapperPreparedTransformerHandler
[Architectury Transformer DEBUG] Remapping with 1 mapping provider(s):
[Architectury Transformer DEBUG]  - dev.architectury.transformer.transformers.TransformNeoForgeEnvironment$$Lambda/0x000076b00002fbf0@4a3631f8
[Architectury Transformer DEBUG] Remapping Classes:
[Architectury Transformer DEBUG] net/fabricmc/api/EnvType -> net/neoforged/api/distmarker/Dist
[Architectury Transformer DEBUG] net/fabricmc/api/Environment -> net/neoforged/api/distmarker/OnlyIn
[Architectury Transformer DEBUG] Found class transformer
[Architectury Transformer DEBUG] Writing org/cneko/justarod/effect/SmearyEffect with maxs=true frames=true
[Architectury Transformer DEBUG] Transformed org/cneko/justarod/effect/SmearyEffect in 1.483 ms
[Architectury Transformer DEBUG] Transforming from org/cneko/justarod/effect/UterineColdEffect.class to org/cneko/justarod/effect/UterineColdEffect.class with 6 transformer(s) on dev.architectury.transformer.handler.TinyRemapperPreparedTransformerHandler
[Architectury Transformer DEBUG] Remapping with 1 mapping provider(s):
[Architectury Transformer DEBUG]  - dev.architectury.transformer.transformers.TransformNeoForgeEnvironment$$Lambda/0x000076b00002fbf0@4a3631f8
[Architectury Transformer DEBUG] Remapping Classes:
[Architectury Transformer DEBUG] net/fabricmc/api/EnvType -> net/neoforged/api/distmarker/Dist
[Architectury Transformer DEBUG] net/fabricmc/api/Environment -> net/neoforged/api/distmarker/OnlyIn
[Architectury Transformer DEBUG] Found class transformer
[Architectury Transformer DEBUG] Writing org/cneko/justarod/effect/UterineColdEffect with maxs=true frames=true
[Architectury Transformer DEBUG] Transformed org/cneko/justarod/effect/UterineColdEffect in 1.280 ms
[Architectury Transformer DEBUG] Transforming from org/cneko/justarod/effect/UterineColdEffect$Companion.class to org/cneko/justarod/effect/UterineColdEffect$Companion.class with 6 transformer(s) on dev.architectury.transformer.handler.TinyRemapperPreparedTransformerHandler
[Architectury Transformer DEBUG] Remapping with 1 mapping provider(s):
[Architectury Transformer DEBUG]  - dev.architectury.transformer.transformers.TransformNeoForgeEnvironment$$Lambda/0x000076b00002fbf0@4a3631f8
[Architectury Transformer DEBUG] Remapping Classes:
[Architectury Transformer DEBUG] net/fabricmc/api/EnvType -> net/neoforged/api/distmarker/Dist
[Architectury Transformer DEBUG] net/fabricmc/api/Environment -> net/neoforged/api/distmarker/OnlyIn
[Architectury Transformer DEBUG] Found class transformer
[Architectury Transformer DEBUG] Writing org/cneko/justarod/effect/UterineColdEffect$Companion with maxs=true frames=true
[Architectury Transformer DEBUG] Transformed org/cneko/justarod/effect/UterineColdEffect$Companion in 1.270 ms
[Architectury Transformer DEBUG] Transforming from org/cneko/justarod/effect/UrethritisEffect.class to org/cneko/justarod/effect/UrethritisEffect.class with 6 transformer(s) on dev.architectury.transformer.handler.TinyRemapperPreparedTransformerHandler
[Architectury Transformer DEBUG] Remapping with 1 mapping provider(s):
[Architectury Transformer DEBUG]  - dev.architectury.transformer.transformers.TransformNeoForgeEnvironment$$Lambda/0x000076b00002fbf0@4a3631f8
[Architectury Transformer DEBUG] Remapping Classes:
[Architectury Transformer DEBUG] net/fabricmc/api/EnvType -> net/neoforged/api/distmarker/Dist
[Architectury Transformer DEBUG] net/fabricmc/api/Environment -> net/neoforged/api/distmarker/OnlyIn
[Architectury Transformer DEBUG] Found class transformer
[Architectury Transformer DEBUG] Writing org/cneko/justarod/effect/UrethritisEffect with maxs=true frames=true
[Architectury Transformer DEBUG] Transformed org/cneko/justarod/effect/UrethritisEffect in 1.262 ms
[Architectury Transformer DEBUG] Transforming from org/cneko/justarod/effect/ProstatitisEffect.class to org/cneko/justarod/effect/ProstatitisEffect.class with 6 transformer(s) on dev.architectury.transformer.handler.TinyRemapperPreparedTransformerHandler
[Architectury Transformer DEBUG] Remapping with 1 mapping provider(s):
[Architectury Transformer DEBUG]  - dev.architectury.transformer.transformers.TransformNeoForgeEnvironment$$Lambda/0x000076b00002fbf0@4a3631f8
[Architectury Transformer DEBUG] Remapping Classes:
[Architectury Transformer DEBUG] net/fabricmc/api/EnvType -> net/neoforged/api/distmarker/Dist
[Architectury Transformer DEBUG] net/fabricmc/api/Environment -> net/neoforged/api/distmarker/OnlyIn
[Architectury Transformer DEBUG] Found class transformer
[Architectury Transformer DEBUG] Writing org/cneko/justarod/effect/ProstatitisEffect with maxs=true frames=true
[Architectury Transformer DEBUG] Transformed org/cneko/justarod/effect/ProstatitisEffect in 1.283 ms
[Architectury Transformer DEBUG] Transforming from org/cneko/justarod/effect/LilyPheromoneEffect.class to org/cneko/justarod/effect/LilyPheromoneEffect.class with 6 transformer(s) on dev.architectury.transformer.handler.TinyRemapperPreparedTransformerHandler
[Architectury Transformer DEBUG] Remapping with 1 mapping provider(s):
[Architectury Transformer DEBUG]  - dev.architectury.transformer.transformers.TransformNeoForgeEnvironment$$Lambda/0x000076b00002fbf0@4a3631f8
[Architectury Transformer DEBUG] Remapping Classes:
[Architectury Transformer DEBUG] net/fabricmc/api/EnvType -> net/neoforged/api/distmarker/Dist
[Architectury Transformer DEBUG] net/fabricmc/api/Environment -> net/neoforged/api/distmarker/OnlyIn
[Architectury Transformer DEBUG] Found class transformer
[Architectury Transformer DEBUG] Writing org/cneko/justarod/effect/LilyPheromoneEffect with maxs=true frames=true
[Architectury Transformer DEBUG] Transformed org/cneko/justarod/effect/LilyPheromoneEffect in 1.346 ms
[Architectury Transformer DEBUG] Transforming from org/cneko/justarod/effect/ParonychiaEffect.class to org/cneko/justarod/effect/ParonychiaEffect.class with 6 transformer(s) on dev.architectury.transformer.handler.TinyRemapperPreparedTransformerHandler
[Architectury Transformer DEBUG] Remapping with 1 mapping provider(s):
[Architectury Transformer DEBUG]  - dev.architectury.transformer.transformers.TransformNeoForgeEnvironment$$Lambda/0x000076b00002fbf0@4a3631f8
[Architectury Transformer DEBUG] Remapping Classes:
[Architectury Transformer DEBUG] net/fabricmc/api/EnvType -> net/neoforged/api/distmarker/Dist
[Architectury Transformer DEBUG] net/fabricmc/api/Environment -> net/neoforged/api/distmarker/OnlyIn
[Architectury Transformer DEBUG] Found class transformer
[Architectury Transformer DEBUG] Writing org/cneko/justarod/effect/ParonychiaEffect with maxs=true frames=true
[Architectury Transformer DEBUG] Transformed org/cneko/justarod/effect/ParonychiaEffect in 1.278 ms
[Architectury Transformer DEBUG] Transforming from org/cneko/justarod/item/JRItemsKt.class to org/cneko/justarod/item/JRItemsKt.class with 6 transformer(s) on dev.architectury.transformer.handler.TinyRemapperPreparedTransformerHandler
[Architectury Transformer DEBUG] Remapping with 1 mapping provider(s):
[Architectury Transformer DEBUG]  - dev.architectury.transformer.transformers.TransformNeoForgeEnvironment$$Lambda/0x000076b00002fbf0@4a3631f8
[Architectury Transformer DEBUG] Remapping Classes:
[Architectury Transformer DEBUG] net/fabricmc/api/EnvType -> net/neoforged/api/distmarker/Dist
[Architectury Transformer DEBUG] net/fabricmc/api/Environment -> net/neoforged/api/distmarker/OnlyIn
[Architectury Transformer DEBUG] Found class transformer
[Architectury Transformer DEBUG] Writing org/cneko/justarod/item/JRItemsKt with maxs=true frames=true
[Architectury Transformer DEBUG] Transformed org/cneko/justarod/item/JRItemsKt in 1.313 ms
[Architectury Transformer DEBUG] Transforming from org/cneko/justarod/item/armor/FireworksRodItem.class to org/cneko/justarod/item/armor/FireworksRodItem.class with 6 transformer(s) on dev.architectury.transformer.handler.TinyRemapperPreparedTransformerHandler
[Architectury Transformer DEBUG] Remapping with 1 mapping provider(s):
[Architectury Transformer DEBUG]  - dev.architectury.transformer.transformers.TransformNeoForgeEnvironment$$Lambda/0x000076b00002fbf0@4a3631f8
[Architectury Transformer DEBUG] Remapping Classes:
[Architectury Transformer DEBUG] net/fabricmc/api/EnvType -> net/neoforged/api/distmarker/Dist
[Architectury Transformer DEBUG] net/fabricmc/api/Environment -> net/neoforged/api/distmarker/OnlyIn
[Architectury Transformer DEBUG] Found class transformer
[Architectury Transformer DEBUG] Writing org/cneko/justarod/item/armor/FireworksRodItem with maxs=true frames=true
[Architectury Transformer DEBUG] Transformed org/cneko/justarod/item/armor/FireworksRodItem in 1.661 ms
[Architectury Transformer DEBUG] Transforming from org/cneko/justarod/item/armor/RodArmorItem.class to org/cneko/justarod/item/armor/RodArmorItem.class with 6 transformer(s) on dev.architectury.transformer.handler.TinyRemapperPreparedTransformerHandler
[Architectury Transformer DEBUG] Remapping with 1 mapping provider(s):
[Architectury Transformer DEBUG]  - dev.architectury.transformer.transformers.TransformNeoForgeEnvironment$$Lambda/0x000076b00002fbf0@4a3631f8
[Architectury Transformer DEBUG] Remapping Classes:
[Architectury Transformer DEBUG] net/fabricmc/api/EnvType -> net/neoforged/api/distmarker/Dist
[Architectury Transformer DEBUG] net/fabricmc/api/Environment -> net/neoforged/api/distmarker/OnlyIn
[Architectury Transformer DEBUG] Found class transformer
[Architectury Transformer DEBUG] Writing org/cneko/justarod/item/armor/RodArmorItem with maxs=true frames=true
[Architectury Transformer DEBUG] Transformed org/cneko/justarod/item/armor/RodArmorItem in 1.484 ms
[Architectury Transformer DEBUG] Transforming from org/cneko/justarod/item/armor/FireworksRodItem$Companion.class to org/cneko/justarod/item/armor/FireworksRodItem$Companion.class with 6 transformer(s) on dev.architectury.transformer.handler.TinyRemapperPreparedTransformerHandler
[Architectury Transformer DEBUG] Remapping with 1 mapping provider(s):
[Architectury Transformer DEBUG]  - dev.architectury.transformer.transformers.TransformNeoForgeEnvironment$$Lambda/0x000076b00002fbf0@4a3631f8
[Architectury Transformer DEBUG] Remapping Classes:
[Architectury Transformer DEBUG] net/fabricmc/api/EnvType -> net/neoforged/api/distmarker/Dist
[Architectury Transformer DEBUG] net/fabricmc/api/Environment -> net/neoforged/api/distmarker/OnlyIn
[Architectury Transformer DEBUG] Found class transformer
[Architectury Transformer DEBUG] Writing org/cneko/justarod/item/armor/FireworksRodItem$Companion with maxs=true frames=true
[Architectury Transformer DEBUG] Transformed org/cneko/justarod/item/armor/FireworksRodItem$Companion in 1.231 ms
[Architectury Transformer DEBUG] Transforming from org/cneko/justarod/item/armor/JRArmorMaterials.class to org/cneko/justarod/item/armor/JRArmorMaterials.class with 6 transformer(s) on dev.architectury.transformer.handler.TinyRemapperPreparedTransformerHandler
[Architectury Transformer DEBUG] Remapping with 1 mapping provider(s):
[Architectury Transformer DEBUG]  - dev.architectury.transformer.transformers.TransformNeoForgeEnvironment$$Lambda/0x000076b00002fbf0@4a3631f8
[Architectury Transformer DEBUG] Remapping Classes:
[Architectury Transformer DEBUG] net/fabricmc/api/EnvType -> net/neoforged/api/distmarker/Dist
[Architectury Transformer DEBUG] net/fabricmc/api/Environment -> net/neoforged/api/distmarker/OnlyIn
[Architectury Transformer DEBUG] Found class transformer
[Architectury Transformer DEBUG] Writing org/cneko/justarod/item/armor/JRArmorMaterials with maxs=true frames=true
[Architectury Transformer DEBUG] Transformed org/cneko/justarod/item/armor/JRArmorMaterials in 1.454 ms
[Architectury Transformer DEBUG] Transforming from org/cneko/justarod/item/armor/JRArmorMaterials$Companion.class to org/cneko/justarod/item/armor/JRArmorMaterials$Companion.class with 6 transformer(s) on dev.architectury.transformer.handler.TinyRemapperPreparedTransformerHandler
[Architectury Transformer DEBUG] Remapping with 1 mapping provider(s):
[Architectury Transformer DEBUG]  - dev.architectury.transformer.transformers.TransformNeoForgeEnvironment$$Lambda/0x000076b00002fbf0@4a3631f8
[Architectury Transformer DEBUG] Remapping Classes:
[Architectury Transformer DEBUG] net/fabricmc/api/EnvType -> net/neoforged/api/distmarker/Dist
[Architectury Transformer DEBUG] net/fabricmc/api/Environment -> net/neoforged/api/distmarker/OnlyIn
[Architectury Transformer DEBUG] Found class transformer
[Architectury Transformer DEBUG] Writing org/cneko/justarod/item/armor/JRArmorMaterials$Companion with maxs=true frames=true
[Architectury Transformer DEBUG] Transformed org/cneko/justarod/item/armor/JRArmorMaterials$Companion in 1.289 ms
[Architectury Transformer DEBUG] Transforming from org/cneko/justarod/item/electric/TribochargingRod.class to org/cneko/justarod/item/electric/TribochargingRod.class with 6 transformer(s) on dev.architectury.transformer.handler.TinyRemapperPreparedTransformerHandler
[Architectury Transformer DEBUG] Remapping with 1 mapping provider(s):
[Architectury Transformer DEBUG]  - dev.architectury.transformer.transformers.TransformNeoForgeEnvironment$$Lambda/0x000076b00002fbf0@4a3631f8
[Architectury Transformer DEBUG] Remapping Classes:
[Architectury Transformer DEBUG] net/fabricmc/api/EnvType -> net/neoforged/api/distmarker/Dist
[Architectury Transformer DEBUG] net/fabricmc/api/Environment -> net/neoforged/api/distmarker/OnlyIn
[Architectury Transformer DEBUG] Found class transformer
[Architectury Transformer DEBUG] Writing org/cneko/justarod/item/electric/TribochargingRod with maxs=true frames=true
[Architectury Transformer DEBUG] Transformed org/cneko/justarod/item/electric/TribochargingRod in 1.355 ms
[Architectury Transformer DEBUG] Transforming from org/cneko/justarod/item/XPGun.class to org/cneko/justarod/item/XPGun.class with 6 transformer(s) on dev.architectury.transformer.handler.TinyRemapperPreparedTransformerHandler
[Architectury Transformer DEBUG] Remapping with 1 mapping provider(s):
[Architectury Transformer DEBUG]  - dev.architectury.transformer.transformers.TransformNeoForgeEnvironment$$Lambda/0x000076b00002fbf0@4a3631f8
[Architectury Transformer DEBUG] Remapping Classes:
[Architectury Transformer DEBUG] net/fabricmc/api/EnvType -> net/neoforged/api/distmarker/Dist
[Architectury Transformer DEBUG] net/fabricmc/api/Environment -> net/neoforged/api/distmarker/OnlyIn
[Architectury Transformer DEBUG] Found class transformer
[Architectury Transformer DEBUG] Writing org/cneko/justarod/item/XPGun with maxs=true frames=true
[Architectury Transformer DEBUG] Transformed org/cneko/justarod/item/XPGun in 1.341 ms
[Architectury Transformer DEBUG] Transforming from org/cneko/justarod/item/electric/RemoteControlItem.class to org/cneko/justarod/item/electric/RemoteControlItem.class with 6 transformer(s) on dev.architectury.transformer.handler.TinyRemapperPreparedTransformerHandler
[Architectury Transformer DEBUG] Remapping with 1 mapping provider(s):
[Architectury Transformer DEBUG]  - dev.architectury.transformer.transformers.TransformNeoForgeEnvironment$$Lambda/0x000076b00002fbf0@4a3631f8
[Architectury Transformer DEBUG] Remapping Classes:
[Architectury Transformer DEBUG] net/fabricmc/api/EnvType -> net/neoforged/api/distmarker/Dist
[Architectury Transformer DEBUG] net/fabricmc/api/Environment -> net/neoforged/api/distmarker/OnlyIn
[Architectury Transformer DEBUG] Found class transformer
[Architectury Transformer DEBUG] Writing org/cneko/justarod/item/electric/RemoteControlItem with maxs=true frames=true
[Architectury Transformer DEBUG] Transformed org/cneko/justarod/item/electric/RemoteControlItem in 1.519 ms
[Architectury Transformer DEBUG] Transforming from org/cneko/justarod/item/IcedTeaItem.class to org/cneko/justarod/item/IcedTeaItem.class with 6 transformer(s) on dev.architectury.transformer.handler.TinyRemapperPreparedTransformerHandler
[Architectury Transformer DEBUG] Remapping with 1 mapping provider(s):
[Architectury Transformer DEBUG]  - dev.architectury.transformer.transformers.TransformNeoForgeEnvironment$$Lambda/0x000076b00002fbf0@4a3631f8
[Architectury Transformer DEBUG] Remapping Classes:
[Architectury Transformer DEBUG] net/fabricmc/api/EnvType -> net/neoforged/api/distmarker/Dist
[Architectury Transformer DEBUG] net/fabricmc/api/Environment -> net/neoforged/api/distmarker/OnlyIn
[Architectury Transformer DEBUG] Found class transformer
[Architectury Transformer DEBUG] Writing org/cneko/justarod/item/IcedTeaItem with maxs=true frames=true
[Architectury Transformer DEBUG] Transformed org/cneko/justarod/item/IcedTeaItem in 1.513 ms
[Architectury Transformer DEBUG] Transforming from org/cneko/justarod/item/IcedTeaItem$Companion.class to org/cneko/justarod/item/IcedTeaItem$Companion.class with 6 transformer(s) on dev.architectury.transformer.handler.TinyRemapperPreparedTransformerHandler
[Architectury Transformer DEBUG] Remapping with 1 mapping provider(s):
[Architectury Transformer DEBUG]  - dev.architectury.transformer.transformers.TransformNeoForgeEnvironment$$Lambda/0x000076b00002fbf0@4a3631f8
[Architectury Transformer DEBUG] Remapping Classes:
[Architectury Transformer DEBUG] net/fabricmc/api/EnvType -> net/neoforged/api/distmarker/Dist
[Architectury Transformer DEBUG] net/fabricmc/api/Environment -> net/neoforged/api/distmarker/OnlyIn
[Architectury Transformer DEBUG] Found class transformer
[Architectury Transformer DEBUG] Writing org/cneko/justarod/item/IcedTeaItem$Companion with maxs=true frames=true
[Architectury Transformer DEBUG] Transformed org/cneko/justarod/item/IcedTeaItem$Companion in 1.248 ms
[Architectury Transformer DEBUG] Transforming from org/cneko/justarod/item/FreeMatingItem.class to org/cneko/justarod/item/FreeMatingItem.class with 6 transformer(s) on dev.architectury.transformer.handler.TinyRemapperPreparedTransformerHandler
[Architectury Transformer DEBUG] Remapping with 1 mapping provider(s):
[Architectury Transformer DEBUG]  - dev.architectury.transformer.transformers.TransformNeoForgeEnvironment$$Lambda/0x000076b00002fbf0@4a3631f8
[Architectury Transformer DEBUG] Remapping Classes:
[Architectury Transformer DEBUG] net/fabricmc/api/EnvType -> net/neoforged/api/distmarker/Dist
[Architectury Transformer DEBUG] net/fabricmc/api/Environment -> net/neoforged/api/distmarker/OnlyIn
[Architectury Transformer DEBUG] Found class transformer
[Architectury Transformer DEBUG] Writing org/cneko/justarod/item/FreeMatingItem with maxs=true frames=true
[Architectury Transformer DEBUG] Transformed org/cneko/justarod/item/FreeMatingItem in 1.400 ms
[Architectury Transformer DEBUG] Transforming from org/cneko/justarod/item/medical/SanitaryTowel.class to org/cneko/justarod/item/medical/SanitaryTowel.class with 6 transformer(s) on dev.architectury.transformer.handler.TinyRemapperPreparedTransformerHandler
[Architectury Transformer DEBUG] Remapping with 1 mapping provider(s):
[Architectury Transformer DEBUG]  - dev.architectury.transformer.transformers.TransformNeoForgeEnvironment$$Lambda/0x000076b00002fbf0@4a3631f8
[Architectury Transformer DEBUG] Remapping Classes:
[Architectury Transformer DEBUG] net/fabricmc/api/EnvType -> net/neoforged/api/distmarker/Dist
[Architectury Transformer DEBUG] net/fabricmc/api/Environment -> net/neoforged/api/distmarker/OnlyIn
[Architectury Transformer DEBUG] Found class transformer
[Architectury Transformer DEBUG] Writing org/cneko/justarod/item/medical/SanitaryTowel with maxs=true frames=true
[Architectury Transformer DEBUG] Transformed org/cneko/justarod/item/medical/SanitaryTowel in 1.336 ms
[Architectury Transformer DEBUG] Transforming from org/cneko/justarod/item/medical/MedicalItem.class to org/cneko/justarod/item/medical/MedicalItem.class with 6 transformer(s) on dev.architectury.transformer.handler.TinyRemapperPreparedTransformerHandler
[Architectury Transformer DEBUG] Remapping with 1 mapping provider(s):
[Architectury Transformer DEBUG]  - dev.architectury.transformer.transformers.TransformNeoForgeEnvironment$$Lambda/0x000076b00002fbf0@4a3631f8
[Architectury Transformer DEBUG] Remapping Classes:
[Architectury Transformer DEBUG] net/fabricmc/api/EnvType -> net/neoforged/api/distmarker/Dist
[Architectury Transformer DEBUG] net/fabricmc/api/Environment -> net/neoforged/api/distmarker/OnlyIn
[Architectury Transformer DEBUG] Found class transformer
[Architectury Transformer DEBUG] Writing org/cneko/justarod/item/medical/MedicalItem with maxs=true frames=true
[Architectury Transformer DEBUG] Transformed org/cneko/justarod/item/medical/MedicalItem in 1.379 ms
[Architectury Transformer DEBUG] Transforming from org/cneko/justarod/item/medical/SterilizationPills.class to org/cneko/justarod/item/medical/SterilizationPills.class with 6 transformer(s) on dev.architectury.transformer.handler.TinyRemapperPreparedTransformerHandler
[Architectury Transformer DEBUG] Remapping with 1 mapping provider(s):
[Architectury Transformer DEBUG]  - dev.architectury.transformer.transformers.TransformNeoForgeEnvironment$$Lambda/0x000076b00002fbf0@4a3631f8
[Architectury Transformer DEBUG] Remapping Classes:
[Architectury Transformer DEBUG] net/fabricmc/api/EnvType -> net/neoforged/api/distmarker/Dist
[Architectury Transformer DEBUG] net/fabricmc/api/Environment -> net/neoforged/api/distmarker/OnlyIn
[Architectury Transformer DEBUG] Found class transformer
[Architectury Transformer DEBUG] Writing org/cneko/justarod/item/medical/SterilizationPills with maxs=true frames=true
[Architectury Transformer DEBUG] Transformed org/cneko/justarod/item/medical/SterilizationPills in 1.363 ms
[Architectury Transformer DEBUG] Transforming from org/cneko/justarod/item/medical/HPVVaccine.class to org/cneko/justarod/item/medical/HPVVaccine.class with 6 transformer(s) on dev.architectury.transformer.handler.TinyRemapperPreparedTransformerHandler
[Architectury Transformer DEBUG] Remapping with 1 mapping provider(s):
[Architectury Transformer DEBUG]  - dev.architectury.transformer.transformers.TransformNeoForgeEnvironment$$Lambda/0x000076b00002fbf0@4a3631f8
[Architectury Transformer DEBUG] Remapping Classes:
[Architectury Transformer DEBUG] net/fabricmc/api/EnvType -> net/neoforged/api/distmarker/Dist
[Architectury Transformer DEBUG] net/fabricmc/api/Environment -> net/neoforged/api/distmarker/OnlyIn
[Architectury Transformer DEBUG] Found class transformer
[Architectury Transformer DEBUG] Writing org/cneko/justarod/item/medical/HPVVaccine with maxs=true frames=true
[Architectury Transformer DEBUG] Transformed org/cneko/justarod/item/medical/HPVVaccine in 1.384 ms
[Architectury Transformer DEBUG] Transforming from org/cneko/justarod/item/medical/CottonSwabItem.class to org/cneko/justarod/item/medical/CottonSwabItem.class with 6 transformer(s) on dev.architectury.transformer.handler.TinyRemapperPreparedTransformerHandler
[Architectury Transformer DEBUG] Remapping with 1 mapping provider(s):
[Architectury Transformer DEBUG]  - dev.architectury.transformer.transformers.TransformNeoForgeEnvironment$$Lambda/0x000076b00002fbf0@4a3631f8
[Architectury Transformer DEBUG] Remapping Classes:
[Architectury Transformer DEBUG] net/fabricmc/api/EnvType -> net/neoforged/api/distmarker/Dist
[Architectury Transformer DEBUG] net/fabricmc/api/Environment -> net/neoforged/api/distmarker/OnlyIn
[Architectury Transformer DEBUG] Found class transformer
[Architectury Transformer DEBUG] Writing org/cneko/justarod/item/medical/CottonSwabItem with maxs=true frames=true
[Architectury Transformer DEBUG] Transformed org/cneko/justarod/item/medical/CottonSwabItem in 1.502 ms
[Architectury Transformer DEBUG] Transforming from org/cneko/justarod/item/medical/ScalpelItem.class to org/cneko/justarod/item/medical/ScalpelItem.class with 6 transformer(s) on dev.architectury.transformer.handler.TinyRemapperPreparedTransformerHandler
[Architectury Transformer DEBUG] Remapping with 1 mapping provider(s):
[Architectury Transformer DEBUG]  - dev.architectury.transformer.transformers.TransformNeoForgeEnvironment$$Lambda/0x000076b00002fbf0@4a3631f8
[Architectury Transformer DEBUG] Remapping Classes:
[Architectury Transformer DEBUG] net/fabricmc/api/EnvType -> net/neoforged/api/distmarker/Dist
[Architectury Transformer DEBUG] net/fabricmc/api/Environment -> net/neoforged/api/distmarker/OnlyIn
[Architectury Transformer DEBUG] Found class transformer
[Architectury Transformer DEBUG] Writing org/cneko/justarod/item/medical/ScalpelItem with maxs=true frames=true
[Architectury Transformer DEBUG] Transformed org/cneko/justarod/item/medical/ScalpelItem in 2.515 ms
[Architectury Transformer DEBUG] Transforming from org/cneko/justarod/item/medical/BrithControllingPill.class to org/cneko/justarod/item/medical/BrithControllingPill.class with 6 transformer(s) on dev.architectury.transformer.handler.TinyRemapperPreparedTransformerHandler
[Architectury Transformer DEBUG] Remapping with 1 mapping provider(s):
[Architectury Transformer DEBUG]  - dev.architectury.transformer.transformers.TransformNeoForgeEnvironment$$Lambda/0x000076b00002fbf0@4a3631f8
[Architectury Transformer DEBUG] Remapping Classes:
[Architectury Transformer DEBUG] net/fabricmc/api/EnvType -> net/neoforged/api/distmarker/Dist
[Architectury Transformer DEBUG] net/fabricmc/api/Environment -> net/neoforged/api/distmarker/OnlyIn
[Architectury Transformer DEBUG] Found class transformer
[Architectury Transformer DEBUG] Writing org/cneko/justarod/item/medical/BrithControllingPill with maxs=true frames=true
[Architectury Transformer DEBUG] Transformed org/cneko/justarod/item/medical/BrithControllingPill in 1.476 ms
[Architectury Transformer DEBUG] Transforming from org/cneko/justarod/item/medical/AbortionPillItem.class to org/cneko/justarod/item/medical/AbortionPillItem.class with 6 transformer(s) on dev.architectury.transformer.handler.TinyRemapperPreparedTransformerHandler
[Architectury Transformer DEBUG] Remapping with 1 mapping provider(s):
[Architectury Transformer DEBUG]  - dev.architectury.transformer.transformers.TransformNeoForgeEnvironment$$Lambda/0x000076b00002fbf0@4a3631f8
[Architectury Transformer DEBUG] Remapping Classes:
[Architectury Transformer DEBUG] net/fabricmc/api/EnvType -> net/neoforged/api/distmarker/Dist
[Architectury Transformer DEBUG] net/fabricmc/api/Environment -> net/neoforged/api/distmarker/OnlyIn
[Architectury Transformer DEBUG] Found class transformer
[Architectury Transformer DEBUG] Writing org/cneko/justarod/item/medical/AbortionPillItem with maxs=true frames=true
[Architectury Transformer DEBUG] Transformed org/cneko/justarod/item/medical/AbortionPillItem in 1.407 ms
[Architectury Transformer DEBUG] Transforming from org/cneko/justarod/item/medical/EstrogenItem.class to org/cneko/justarod/item/medical/EstrogenItem.class with 6 transformer(s) on dev.architectury.transformer.handler.TinyRemapperPreparedTransformerHandler
[Architectury Transformer DEBUG] Remapping with 1 mapping provider(s):
[Architectury Transformer DEBUG]  - dev.architectury.transformer.transformers.TransformNeoForgeEnvironment$$Lambda/0x000076b00002fbf0@4a3631f8
[Architectury Transformer DEBUG] Remapping Classes:
[Architectury Transformer DEBUG] net/fabricmc/api/EnvType -> net/neoforged/api/distmarker/Dist
[Architectury Transformer DEBUG] net/fabricmc/api/Environment -> net/neoforged/api/distmarker/OnlyIn
[Architectury Transformer DEBUG] Found class transformer
[Architectury Transformer DEBUG] Writing org/cneko/justarod/item/medical/EstrogenItem with maxs=true frames=true
[Architectury Transformer DEBUG] Transformed org/cneko/justarod/item/medical/EstrogenItem in 1.469 ms
[Architectury Transformer DEBUG] Transforming from org/cneko/justarod/item/medical/TestosteroneItem.class to org/cneko/justarod/item/medical/TestosteroneItem.class with 6 transformer(s) on dev.architectury.transformer.handler.TinyRemapperPreparedTransformerHandler
[Architectury Transformer DEBUG] Remapping with 1 mapping provider(s):
[Architectury Transformer DEBUG]  - dev.architectury.transformer.transformers.TransformNeoForgeEnvironment$$Lambda/0x000076b00002fbf0@4a3631f8
[Architectury Transformer DEBUG] Remapping Classes:
[Architectury Transformer DEBUG] net/fabricmc/api/EnvType -> net/neoforged/api/distmarker/Dist
[Architectury Transformer DEBUG] net/fabricmc/api/Environment -> net/neoforged/api/distmarker/OnlyIn
[Architectury Transformer DEBUG] Found class transformer
[Architectury Transformer DEBUG] Writing org/cneko/justarod/item/medical/TestosteroneItem with maxs=true frames=true
[Architectury Transformer DEBUG] Transformed org/cneko/justarod/item/medical/TestosteroneItem in 1.365 ms
[Architectury Transformer DEBUG] Transforming from org/cneko/justarod/item/medical/AntiAndrogenItem.class to org/cneko/justarod/item/medical/AntiAndrogenItem.class with 6 transformer(s) on dev.architectury.transformer.handler.TinyRemapperPreparedTransformerHandler
[Architectury Transformer DEBUG] Remapping with 1 mapping provider(s):
[Architectury Transformer DEBUG]  - dev.architectury.transformer.transformers.TransformNeoForgeEnvironment$$Lambda/0x000076b00002fbf0@4a3631f8
[Architectury Transformer DEBUG] Remapping Classes:
[Architectury Transformer DEBUG] net/fabricmc/api/EnvType -> net/neoforged/api/distmarker/Dist
[Architectury Transformer DEBUG] net/fabricmc/api/Environment -> net/neoforged/api/distmarker/OnlyIn
[Architectury Transformer DEBUG] Found class transformer
[Architectury Transformer DEBUG] Writing org/cneko/justarod/item/medical/AntiAndrogenItem with maxs=true frames=true
[Architectury Transformer DEBUG] Transformed org/cneko/justarod/item/medical/AntiAndrogenItem in 1.472 ms
[Architectury Transformer DEBUG] Transforming from org/cneko/justarod/item/medical/PenicillinItem.class to org/cneko/justarod/item/medical/PenicillinItem.class with 6 transformer(s) on dev.architectury.transformer.handler.TinyRemapperPreparedTransformerHandler
[Architectury Transformer DEBUG] Remapping with 1 mapping provider(s):
[Architectury Transformer DEBUG]  - dev.architectury.transformer.transformers.TransformNeoForgeEnvironment$$Lambda/0x000076b00002fbf0@4a3631f8
[Architectury Transformer DEBUG] Remapping Classes:
[Architectury Transformer DEBUG] net/fabricmc/api/EnvType -> net/neoforged/api/distmarker/Dist
[Architectury Transformer DEBUG] net/fabricmc/api/Environment -> net/neoforged/api/distmarker/OnlyIn
[Architectury Transformer DEBUG] Found class transformer
[Architectury Transformer DEBUG] Writing org/cneko/justarod/item/medical/PenicillinItem with maxs=true frames=true
[Architectury Transformer DEBUG] Transformed org/cneko/justarod/item/medical/PenicillinItem in 1.327 ms
[Architectury Transformer DEBUG] Transforming from org/cneko/justarod/item/bdsm/BallMouthItem.class to org/cneko/justarod/item/bdsm/BallMouthItem.class with 6 transformer(s) on dev.architectury.transformer.handler.TinyRemapperPreparedTransformerHandler
[Architectury Transformer DEBUG] Remapping with 1 mapping provider(s):
[Architectury Transformer DEBUG]  - dev.architectury.transformer.transformers.TransformNeoForgeEnvironment$$Lambda/0x000076b00002fbf0@4a3631f8
[Architectury Transformer DEBUG] Remapping Classes:
[Architectury Transformer DEBUG] net/fabricmc/api/EnvType -> net/neoforged/api/distmarker/Dist
[Architectury Transformer DEBUG] net/fabricmc/api/Environment -> net/neoforged/api/distmarker/OnlyIn
[Architectury Transformer DEBUG] Found class transformer
[Architectury Transformer DEBUG] Writing org/cneko/justarod/item/bdsm/BallMouthItem with maxs=true frames=true
[Architectury Transformer DEBUG] Transformed org/cneko/justarod/item/bdsm/BallMouthItem in 1.303 ms
[Architectury Transformer DEBUG] Transforming from org/cneko/justarod/item/bdsm/AbstractBDSMItem.class to org/cneko/justarod/item/bdsm/AbstractBDSMItem.class with 6 transformer(s) on dev.architectury.transformer.handler.TinyRemapperPreparedTransformerHandler
[Architectury Transformer DEBUG] Remapping with 1 mapping provider(s):
[Architectury Transformer DEBUG]  - dev.architectury.transformer.transformers.TransformNeoForgeEnvironment$$Lambda/0x000076b00002fbf0@4a3631f8
[Architectury Transformer DEBUG] Remapping Classes:
[Architectury Transformer DEBUG] net/fabricmc/api/EnvType -> net/neoforged/api/distmarker/Dist
[Architectury Transformer DEBUG] net/fabricmc/api/Environment -> net/neoforged/api/distmarker/OnlyIn
[Architectury Transformer DEBUG] Found class transformer
[Architectury Transformer DEBUG] Writing org/cneko/justarod/item/bdsm/AbstractBDSMItem with maxs=true frames=true
[Architectury Transformer DEBUG] Transformed org/cneko/justarod/item/bdsm/AbstractBDSMItem in 1.669 ms
[Architectury Transformer DEBUG] Transforming from org/cneko/justarod/item/bdsm/ElectricShockDeviceItem.class to org/cneko/justarod/item/bdsm/ElectricShockDeviceItem.class with 6 transformer(s) on dev.architectury.transformer.handler.TinyRemapperPreparedTransformerHandler
[Architectury Transformer DEBUG] Remapping with 1 mapping provider(s):
[Architectury Transformer DEBUG]  - dev.architectury.transformer.transformers.TransformNeoForgeEnvironment$$Lambda/0x000076b00002fbf0@4a3631f8
[Architectury Transformer DEBUG] Remapping Classes:
[Architectury Transformer DEBUG] net/fabricmc/api/EnvType -> net/neoforged/api/distmarker/Dist
[Architectury Transformer DEBUG] net/fabricmc/api/Environment -> net/neoforged/api/distmarker/OnlyIn
[Architectury Transformer DEBUG] Found class transformer
[Architectury Transformer DEBUG] Writing org/cneko/justarod/item/bdsm/ElectricShockDeviceItem with maxs=true frames=true
[Architectury Transformer DEBUG] Transformed org/cneko/justarod/item/bdsm/ElectricShockDeviceItem in 1.306 ms
[Architectury Transformer DEBUG] Transforming from org/cneko/justarod/item/bdsm/ElectricShockController.class to org/cneko/justarod/item/bdsm/ElectricShockController.class with 6 transformer(s) on dev.architectury.transformer.handler.TinyRemapperPreparedTransformerHandler
[Architectury Transformer DEBUG] Remapping with 1 mapping provider(s):
[Architectury Transformer DEBUG]  - dev.architectury.transformer.transformers.TransformNeoForgeEnvironment$$Lambda/0x000076b00002fbf0@4a3631f8
[Architectury Transformer DEBUG] Remapping Classes:
[Architectury Transformer DEBUG] net/fabricmc/api/EnvType -> net/neoforged/api/distmarker/Dist
[Architectury Transformer DEBUG] net/fabricmc/api/Environment -> net/neoforged/api/distmarker/OnlyIn
[Architectury Transformer DEBUG] Found class transformer
[Architectury Transformer DEBUG] Writing org/cneko/justarod/item/bdsm/ElectricShockController with maxs=true frames=true
[Architectury Transformer DEBUG] Transformed org/cneko/justarod/item/bdsm/ElectricShockController in 1.725 ms
[Architectury Transformer DEBUG] Transforming from org/cneko/justarod/item/WhipItem.class to org/cneko/justarod/item/WhipItem.class with 6 transformer(s) on dev.architectury.transformer.handler.TinyRemapperPreparedTransformerHandler
[Architectury Transformer DEBUG] Remapping with 1 mapping provider(s):
[Architectury Transformer DEBUG]  - dev.architectury.transformer.transformers.TransformNeoForgeEnvironment$$Lambda/0x000076b00002fbf0@4a3631f8
[Architectury Transformer DEBUG] Remapping Classes:
[Architectury Transformer DEBUG] net/fabricmc/api/EnvType -> net/neoforged/api/distmarker/Dist
[Architectury Transformer DEBUG] net/fabricmc/api/Environment -> net/neoforged/api/distmarker/OnlyIn
[Architectury Transformer DEBUG] Found class transformer
[Architectury Transformer DEBUG] Writing org/cneko/justarod/item/WhipItem with maxs=true frames=true
[Architectury Transformer DEBUG] Transformed org/cneko/justarod/item/WhipItem in 1.655 ms
[Architectury Transformer DEBUG] Transforming from org/cneko/justarod/item/ContractWhipItem.class to org/cneko/justarod/item/ContractWhipItem.class with 6 transformer(s) on dev.architectury.transformer.handler.TinyRemapperPreparedTransformerHandler
[Architectury Transformer DEBUG] Remapping with 1 mapping provider(s):
[Architectury Transformer DEBUG]  - dev.architectury.transformer.transformers.TransformNeoForgeEnvironment$$Lambda/0x000076b00002fbf0@4a3631f8
[Architectury Transformer DEBUG] Remapping Classes:
[Architectury Transformer DEBUG] net/fabricmc/api/EnvType -> net/neoforged/api/distmarker/Dist
[Architectury Transformer DEBUG] net/fabricmc/api/Environment -> net/neoforged/api/distmarker/OnlyIn
[Architectury Transformer DEBUG] Found class transformer
[Architectury Transformer DEBUG] Writing org/cneko/justarod/item/ContractWhipItem with maxs=true frames=true
[Architectury Transformer DEBUG] Transformed org/cneko/justarod/item/ContractWhipItem in 1.388 ms
[Architectury Transformer DEBUG] Transforming from org/cneko/justarod/item/bdsm/BindingRopeItem.class to org/cneko/justarod/item/bdsm/BindingRopeItem.class with 6 transformer(s) on dev.architectury.transformer.handler.TinyRemapperPreparedTransformerHandler
[Architectury Transformer DEBUG] Remapping with 1 mapping provider(s):
[Architectury Transformer DEBUG]  - dev.architectury.transformer.transformers.TransformNeoForgeEnvironment$$Lambda/0x000076b00002fbf0@4a3631f8
[Architectury Transformer DEBUG] Remapping Classes:
[Architectury Transformer DEBUG] net/fabricmc/api/EnvType -> net/neoforged/api/distmarker/Dist
[Architectury Transformer DEBUG] net/fabricmc/api/Environment -> net/neoforged/api/distmarker/OnlyIn
[Architectury Transformer DEBUG] Found class transformer
[Architectury Transformer DEBUG] Writing org/cneko/justarod/item/bdsm/BindingRopeItem with maxs=true frames=true
[Architectury Transformer DEBUG] Transformed org/cneko/justarod/item/bdsm/BindingRopeItem in 1.335 ms
[Architectury Transformer DEBUG] Transforming from org/cneko/justarod/item/bdsm/EyePatchItem.class to org/cneko/justarod/item/bdsm/EyePatchItem.class with 6 transformer(s) on dev.architectury.transformer.handler.TinyRemapperPreparedTransformerHandler
[Architectury Transformer DEBUG] Remapping with 1 mapping provider(s):
[Architectury Transformer DEBUG]  - dev.architectury.transformer.transformers.TransformNeoForgeEnvironment$$Lambda/0x000076b00002fbf0@4a3631f8
[Architectury Transformer DEBUG] Remapping Classes:
[Architectury Transformer DEBUG] net/fabricmc/api/EnvType -> net/neoforged/api/distmarker/Dist
[Architectury Transformer DEBUG] net/fabricmc/api/Environment -> net/neoforged/api/distmarker/OnlyIn
[Architectury Transformer DEBUG] Found class transformer
[Architectury Transformer DEBUG] Writing org/cneko/justarod/item/bdsm/EyePatchItem with maxs=true frames=true
[Architectury Transformer DEBUG] Transformed org/cneko/justarod/item/bdsm/EyePatchItem in 1.328 ms
[Architectury Transformer DEBUG] Transforming from org/cneko/justarod/item/bdsm/EarplugItem.class to org/cneko/justarod/item/bdsm/EarplugItem.class with 6 transformer(s) on dev.architectury.transformer.handler.TinyRemapperPreparedTransformerHandler
[Architectury Transformer DEBUG] Remapping with 1 mapping provider(s):
[Architectury Transformer DEBUG]  - dev.architectury.transformer.transformers.TransformNeoForgeEnvironment$$Lambda/0x000076b00002fbf0@4a3631f8
[Architectury Transformer DEBUG] Remapping Classes:
[Architectury Transformer DEBUG] net/fabricmc/api/EnvType -> net/neoforged/api/distmarker/Dist
[Architectury Transformer DEBUG] net/fabricmc/api/Environment -> net/neoforged/api/distmarker/OnlyIn
[Architectury Transformer DEBUG] Found class transformer
[Architectury Transformer DEBUG] Writing org/cneko/justarod/item/bdsm/EarplugItem with maxs=true frames=true
[Architectury Transformer DEBUG] Transformed org/cneko/justarod/item/bdsm/EarplugItem in 1.355 ms
[Architectury Transformer DEBUG] Transforming from org/cneko/justarod/item/bdsm/HandcuffesItem.class to org/cneko/justarod/item/bdsm/HandcuffesItem.class with 6 transformer(s) on dev.architectury.transformer.handler.TinyRemapperPreparedTransformerHandler
[Architectury Transformer DEBUG] Remapping with 1 mapping provider(s):
[Architectury Transformer DEBUG]  - dev.architectury.transformer.transformers.TransformNeoForgeEnvironment$$Lambda/0x000076b00002fbf0@4a3631f8
[Architectury Transformer DEBUG] Remapping Classes:
[Architectury Transformer DEBUG] net/fabricmc/api/EnvType -> net/neoforged/api/distmarker/Dist
[Architectury Transformer DEBUG] net/fabricmc/api/Environment -> net/neoforged/api/distmarker/OnlyIn
[Architectury Transformer DEBUG] Found class transformer
[Architectury Transformer DEBUG] Writing org/cneko/justarod/item/bdsm/HandcuffesItem with maxs=true frames=true
[Architectury Transformer DEBUG] Transformed org/cneko/justarod/item/bdsm/HandcuffesItem in 1.322 ms
[Architectury Transformer DEBUG] Transforming from org/cneko/justarod/item/bdsm/ShacklesItem.class to org/cneko/justarod/item/bdsm/ShacklesItem.class with 6 transformer(s) on dev.architectury.transformer.handler.TinyRemapperPreparedTransformerHandler
[Architectury Transformer DEBUG] Remapping with 1 mapping provider(s):
[Architectury Transformer DEBUG]  - dev.architectury.transformer.transformers.TransformNeoForgeEnvironment$$Lambda/0x000076b00002fbf0@4a3631f8
[Architectury Transformer DEBUG] Remapping Classes:
[Architectury Transformer DEBUG] net/fabricmc/api/EnvType -> net/neoforged/api/distmarker/Dist
[Architectury Transformer DEBUG] net/fabricmc/api/Environment -> net/neoforged/api/distmarker/OnlyIn
[Architectury Transformer DEBUG] Found class transformer
[Architectury Transformer DEBUG] Writing org/cneko/justarod/item/bdsm/ShacklesItem with maxs=true frames=true
[Architectury Transformer DEBUG] Transformed org/cneko/justarod/item/bdsm/ShacklesItem in 1.344 ms
[Architectury Transformer DEBUG] Transforming from org/cneko/justarod/item/bdsm/NoMatingPlz.class to org/cneko/justarod/item/bdsm/NoMatingPlz.class with 6 transformer(s) on dev.architectury.transformer.handler.TinyRemapperPreparedTransformerHandler
[Architectury Transformer DEBUG] Remapping with 1 mapping provider(s):
[Architectury Transformer DEBUG]  - dev.architectury.transformer.transformers.TransformNeoForgeEnvironment$$Lambda/0x000076b00002fbf0@4a3631f8
[Architectury Transformer DEBUG] Remapping Classes:
[Architectury Transformer DEBUG] net/fabricmc/api/EnvType -> net/neoforged/api/distmarker/Dist
[Architectury Transformer DEBUG] net/fabricmc/api/Environment -> net/neoforged/api/distmarker/OnlyIn
[Architectury Transformer DEBUG] Found class transformer
[Architectury Transformer DEBUG] Writing org/cneko/justarod/item/bdsm/NoMatingPlz with maxs=true frames=true
[Architectury Transformer DEBUG] Transformed org/cneko/justarod/item/bdsm/NoMatingPlz in 1.282 ms
[Architectury Transformer DEBUG] Transforming from org/cneko/justarod/item/medical/GenderChangePotionItem.class to org/cneko/justarod/item/medical/GenderChangePotionItem.class with 6 transformer(s) on dev.architectury.transformer.handler.TinyRemapperPreparedTransformerHandler
[Architectury Transformer DEBUG] Remapping with 1 mapping provider(s):
[Architectury Transformer DEBUG]  - dev.architectury.transformer.transformers.TransformNeoForgeEnvironment$$Lambda/0x000076b00002fbf0@4a3631f8
[Architectury Transformer DEBUG] Remapping Classes:
[Architectury Transformer DEBUG] net/fabricmc/api/EnvType -> net/neoforged/api/distmarker/Dist
[Architectury Transformer DEBUG] net/fabricmc/api/Environment -> net/neoforged/api/distmarker/OnlyIn
[Architectury Transformer DEBUG] Found class transformer
[Architectury Transformer DEBUG] Writing org/cneko/justarod/item/medical/GenderChangePotionItem with maxs=true frames=true
[Architectury Transformer DEBUG] Transformed org/cneko/justarod/item/medical/GenderChangePotionItem in 1.461 ms
[Architectury Transformer DEBUG] Transforming from org/cneko/justarod/item/medical/GenderChangePotionItem$Gender.class to org/cneko/justarod/item/medical/GenderChangePotionItem$Gender.class with 6 transformer(s) on dev.architectury.transformer.handler.TinyRemapperPreparedTransformerHandler
[Architectury Transformer DEBUG] Remapping with 1 mapping provider(s):
[Architectury Transformer DEBUG]  - dev.architectury.transformer.transformers.TransformNeoForgeEnvironment$$Lambda/0x000076b00002fbf0@4a3631f8
[Architectury Transformer DEBUG] Remapping Classes:
[Architectury Transformer DEBUG] net/fabricmc/api/EnvType -> net/neoforged/api/distmarker/Dist
[Architectury Transformer DEBUG] net/fabricmc/api/Environment -> net/neoforged/api/distmarker/OnlyIn
[Architectury Transformer DEBUG] Found class transformer
[Architectury Transformer DEBUG] Writing org/cneko/justarod/item/medical/GenderChangePotionItem$Gender with maxs=true frames=true
[Architectury Transformer DEBUG] Transformed org/cneko/justarod/item/medical/GenderChangePotionItem$Gender in 1.293 ms
[Architectury Transformer DEBUG] Transforming from org/cneko/justarod/item/medical/SpermRetrievalDeviceItem.class to org/cneko/justarod/item/medical/SpermRetrievalDeviceItem.class with 6 transformer(s) on dev.architectury.transformer.handler.TinyRemapperPreparedTransformerHandler
[Architectury Transformer DEBUG] Remapping with 1 mapping provider(s):
[Architectury Transformer DEBUG]  - dev.architectury.transformer.transformers.TransformNeoForgeEnvironment$$Lambda/0x000076b00002fbf0@4a3631f8
[Architectury Transformer DEBUG] Remapping Classes:
[Architectury Transformer DEBUG] net/fabricmc/api/EnvType -> net/neoforged/api/distmarker/Dist
[Architectury Transformer DEBUG] net/fabricmc/api/Environment -> net/neoforged/api/distmarker/OnlyIn
[Architectury Transformer DEBUG] Found class transformer
[Architectury Transformer DEBUG] Writing org/cneko/justarod/item/medical/SpermRetrievalDeviceItem with maxs=true frames=true
[Architectury Transformer DEBUG] Transformed org/cneko/justarod/item/medical/SpermRetrievalDeviceItem in 2.008 ms
[Architectury Transformer DEBUG] Transforming from org/cneko/justarod/item/medical/FrozenSpermRetrievalDeviceItem.class to org/cneko/justarod/item/medical/FrozenSpermRetrievalDeviceItem.class with 6 transformer(s) on dev.architectury.transformer.handler.TinyRemapperPreparedTransformerHandler
[Architectury Transformer DEBUG] Remapping with 1 mapping provider(s):
[Architectury Transformer DEBUG]  - dev.architectury.transformer.transformers.TransformNeoForgeEnvironment$$Lambda/0x000076b00002fbf0@4a3631f8
[Architectury Transformer DEBUG] Remapping Classes:
[Architectury Transformer DEBUG] net/fabricmc/api/EnvType -> net/neoforged/api/distmarker/Dist
[Architectury Transformer DEBUG] net/fabricmc/api/Environment -> net/neoforged/api/distmarker/OnlyIn
[Architectury Transformer DEBUG] Found class transformer
[Architectury Transformer DEBUG] Writing org/cneko/justarod/item/medical/FrozenSpermRetrievalDeviceItem with maxs=true frames=true
[Architectury Transformer DEBUG] Transformed org/cneko/justarod/item/medical/FrozenSpermRetrievalDeviceItem in 1.423 ms
[Architectury Transformer DEBUG] Transforming from org/cneko/justarod/item/bio/ClonerDevice.class to org/cneko/justarod/item/bio/ClonerDevice.class with 6 transformer(s) on dev.architectury.transformer.handler.TinyRemapperPreparedTransformerHandler
[Architectury Transformer DEBUG] Remapping with 1 mapping provider(s):
[Architectury Transformer DEBUG]  - dev.architectury.transformer.transformers.TransformNeoForgeEnvironment$$Lambda/0x000076b00002fbf0@4a3631f8
[Architectury Transformer DEBUG] Remapping Classes:
[Architectury Transformer DEBUG] net/fabricmc/api/EnvType -> net/neoforged/api/distmarker/Dist
[Architectury Transformer DEBUG] net/fabricmc/api/Environment -> net/neoforged/api/distmarker/OnlyIn
[Architectury Transformer DEBUG] Found class transformer
[Architectury Transformer DEBUG] Writing org/cneko/justarod/item/bio/ClonerDevice with maxs=true frames=true
[Architectury Transformer DEBUG] Transformed org/cneko/justarod/item/bio/ClonerDevice in 1.826 ms
[Architectury Transformer DEBUG] Transforming from org/cneko/justarod/item/custom/PantsuItem.class to org/cneko/justarod/item/custom/PantsuItem.class with 6 transformer(s) on dev.architectury.transformer.handler.TinyRemapperPreparedTransformerHandler
[Architectury Transformer DEBUG] Remapping with 1 mapping provider(s):
[Architectury Transformer DEBUG]  - dev.architectury.transformer.transformers.TransformNeoForgeEnvironment$$Lambda/0x000076b00002fbf0@4a3631f8
[Architectury Transformer DEBUG] Remapping Classes:
[Architectury Transformer DEBUG] net/fabricmc/api/EnvType -> net/neoforged/api/distmarker/Dist
[Architectury Transformer DEBUG] net/fabricmc/api/Environment -> net/neoforged/api/distmarker/OnlyIn
[Architectury Transformer DEBUG] Found class transformer
[Architectury Transformer DEBUG] Writing org/cneko/justarod/item/custom/PantsuItem with maxs=true frames=true
[Architectury Transformer DEBUG] Transformed org/cneko/justarod/item/custom/PantsuItem in 1.420 ms
[Architectury Transformer DEBUG] Transforming from org/cneko/justarod/item/custom/PantsuGetterItem.class to org/cneko/justarod/item/custom/PantsuGetterItem.class with 6 transformer(s) on dev.architectury.transformer.handler.TinyRemapperPreparedTransformerHandler
[Architectury Transformer DEBUG] Remapping with 1 mapping provider(s):
[Architectury Transformer DEBUG]  - dev.architectury.transformer.transformers.TransformNeoForgeEnvironment$$Lambda/0x000076b00002fbf0@4a3631f8
[Architectury Transformer DEBUG] Remapping Classes:
[Architectury Transformer DEBUG] net/fabricmc/api/EnvType -> net/neoforged/api/distmarker/Dist
[Architectury Transformer DEBUG] net/fabricmc/api/Environment -> net/neoforged/api/distmarker/OnlyIn
[Architectury Transformer DEBUG] Found class transformer
[Architectury Transformer DEBUG] Writing org/cneko/justarod/item/custom/PantsuGetterItem with maxs=true frames=true
[Architectury Transformer DEBUG] Transformed org/cneko/justarod/item/custom/PantsuGetterItem in 1.350 ms
[Architectury Transformer DEBUG] Transforming from org/cneko/justarod/item/custom/DiaperItem.class to org/cneko/justarod/item/custom/DiaperItem.class with 6 transformer(s) on dev.architectury.transformer.handler.TinyRemapperPreparedTransformerHandler
[Architectury Transformer DEBUG] Remapping with 1 mapping provider(s):
[Architectury Transformer DEBUG]  - dev.architectury.transformer.transformers.TransformNeoForgeEnvironment$$Lambda/0x000076b00002fbf0@4a3631f8
[Architectury Transformer DEBUG] Remapping Classes:
[Architectury Transformer DEBUG] net/fabricmc/api/EnvType -> net/neoforged/api/distmarker/Dist
[Architectury Transformer DEBUG] net/fabricmc/api/Environment -> net/neoforged/api/distmarker/OnlyIn
[Architectury Transformer DEBUG] Found class transformer
[Architectury Transformer DEBUG] Writing org/cneko/justarod/item/custom/DiaperItem with maxs=true frames=true
[Architectury Transformer DEBUG] Transformed org/cneko/justarod/item/custom/DiaperItem in 1.351 ms
[Architectury Transformer DEBUG] Transforming from org/cneko/justarod/item/medical/AidsVaccine.class to org/cneko/justarod/item/medical/AidsVaccine.class with 6 transformer(s) on dev.architectury.transformer.handler.TinyRemapperPreparedTransformerHandler
[Architectury Transformer DEBUG] Remapping with 1 mapping provider(s):
[Architectury Transformer DEBUG]  - dev.architectury.transformer.transformers.TransformNeoForgeEnvironment$$Lambda/0x000076b00002fbf0@4a3631f8
[Architectury Transformer DEBUG] Remapping Classes:
[Architectury Transformer DEBUG] net/fabricmc/api/EnvType -> net/neoforged/api/distmarker/Dist
[Architectury Transformer DEBUG] net/fabricmc/api/Environment -> net/neoforged/api/distmarker/OnlyIn
[Architectury Transformer DEBUG] Found class transformer
[Architectury Transformer DEBUG] Writing org/cneko/justarod/item/medical/AidsVaccine with maxs=true frames=true
[Architectury Transformer DEBUG] Transformed org/cneko/justarod/item/medical/AidsVaccine in 1.983 ms
[Architectury Transformer DEBUG] Transforming from org/cneko/justarod/item/medical/TamsulosinCapsuleItem.class to org/cneko/justarod/item/medical/TamsulosinCapsuleItem.class with 6 transformer(s) on dev.architectury.transformer.handler.TinyRemapperPreparedTransformerHandler
[Architectury Transformer DEBUG] Remapping with 1 mapping provider(s):
[Architectury Transformer DEBUG]  - dev.architectury.transformer.transformers.TransformNeoForgeEnvironment$$Lambda/0x000076b00002fbf0@4a3631f8
[Architectury Transformer DEBUG] Remapping Classes:
[Architectury Transformer DEBUG] net/fabricmc/api/EnvType -> net/neoforged/api/distmarker/Dist
[Architectury Transformer DEBUG] net/fabricmc/api/Environment -> net/neoforged/api/distmarker/OnlyIn
[Architectury Transformer DEBUG] Found class transformer
[Architectury Transformer DEBUG] Writing org/cneko/justarod/item/medical/TamsulosinCapsuleItem with maxs=true frames=true
[Architectury Transformer DEBUG] Transformed org/cneko/justarod/item/medical/TamsulosinCapsuleItem in 1.639 ms
[Architectury Transformer DEBUG] Transforming from org/cneko/justarod/item/medical/ChemotherapyDrugItem.class to org/cneko/justarod/item/medical/ChemotherapyDrugItem.class with 6 transformer(s) on dev.architectury.transformer.handler.TinyRemapperPreparedTransformerHandler
[Architectury Transformer DEBUG] Remapping with 1 mapping provider(s):
[Architectury Transformer DEBUG]  - dev.architectury.transformer.transformers.TransformNeoForgeEnvironment$$Lambda/0x000076b00002fbf0@4a3631f8
[Architectury Transformer DEBUG] Remapping Classes:
[Architectury Transformer DEBUG] net/fabricmc/api/EnvType -> net/neoforged/api/distmarker/Dist
[Architectury Transformer DEBUG] net/fabricmc/api/Environment -> net/neoforged/api/distmarker/OnlyIn
[Architectury Transformer DEBUG] Found class transformer
[Architectury Transformer DEBUG] Writing org/cneko/justarod/item/medical/ChemotherapyDrugItem with maxs=true frames=true
[Architectury Transformer DEBUG] Transformed org/cneko/justarod/item/medical/ChemotherapyDrugItem in 1.422 ms
[Architectury Transformer DEBUG] Transforming from org/cneko/justarod/item/medical/ChemotherapyDrugItem$Companion.class to org/cneko/justarod/item/medical/ChemotherapyDrugItem$Companion.class with 6 transformer(s) on dev.architectury.transformer.handler.TinyRemapperPreparedTransformerHandler
[Architectury Transformer DEBUG] Remapping with 1 mapping provider(s):
[Architectury Transformer DEBUG]  - dev.architectury.transformer.transformers.TransformNeoForgeEnvironment$$Lambda/0x000076b00002fbf0@4a3631f8
[Architectury Transformer DEBUG] Remapping Classes:
[Architectury Transformer DEBUG] net/fabricmc/api/EnvType -> net/neoforged/api/distmarker/Dist
[Architectury Transformer DEBUG] net/fabricmc/api/Environment -> net/neoforged/api/distmarker/OnlyIn
[Architectury Transformer DEBUG] Found class transformer
[Architectury Transformer DEBUG] Writing org/cneko/justarod/item/medical/ChemotherapyDrugItem$Companion with maxs=true frames=true
[Architectury Transformer DEBUG] Transformed org/cneko/justarod/item/medical/ChemotherapyDrugItem$Companion in 1.258 ms
[Architectury Transformer DEBUG] Transforming from org/cneko/justarod/item/bio/ParthenogenesisCatalystItem.class to org/cneko/justarod/item/bio/ParthenogenesisCatalystItem.class with 6 transformer(s) on dev.architectury.transformer.handler.TinyRemapperPreparedTransformerHandler
[Architectury Transformer DEBUG] Remapping with 1 mapping provider(s):
[Architectury Transformer DEBUG]  - dev.architectury.transformer.transformers.TransformNeoForgeEnvironment$$Lambda/0x000076b00002fbf0@4a3631f8
[Architectury Transformer DEBUG] Remapping Classes:
[Architectury Transformer DEBUG] net/fabricmc/api/EnvType -> net/neoforged/api/distmarker/Dist
[Architectury Transformer DEBUG] net/fabricmc/api/Environment -> net/neoforged/api/distmarker/OnlyIn
[Architectury Transformer DEBUG] Found class transformer
[Architectury Transformer DEBUG] Writing org/cneko/justarod/item/bio/ParthenogenesisCatalystItem with maxs=true frames=true
[Architectury Transformer DEBUG] Transformed org/cneko/justarod/item/bio/ParthenogenesisCatalystItem in 1.759 ms
[Architectury Transformer DEBUG] Transforming from org/cneko/justarod/item/YuriMatingMatingMatingItem.class to org/cneko/justarod/item/YuriMatingMatingMatingItem.class with 6 transformer(s) on dev.architectury.transformer.handler.TinyRemapperPreparedTransformerHandler
[Architectury Transformer DEBUG] Remapping with 1 mapping provider(s):
[Architectury Transformer DEBUG]  - dev.architectury.transformer.transformers.TransformNeoForgeEnvironment$$Lambda/0x000076b00002fbf0@4a3631f8
[Architectury Transformer DEBUG] Remapping Classes:
[Architectury Transformer DEBUG] net/fabricmc/api/EnvType -> net/neoforged/api/distmarker/Dist
[Architectury Transformer DEBUG] net/fabricmc/api/Environment -> net/neoforged/api/distmarker/OnlyIn
[Architectury Transformer DEBUG] Found class transformer
[Architectury Transformer DEBUG] Writing org/cneko/justarod/item/YuriMatingMatingMatingItem with maxs=true frames=true
[Architectury Transformer DEBUG] Transformed org/cneko/justarod/item/YuriMatingMatingMatingItem in 1.577 ms
[Architectury Transformer DEBUG] Transforming from org/cneko/justarod/block/JRBlocks.class to org/cneko/justarod/block/JRBlocks.class with 6 transformer(s) on dev.architectury.transformer.handler.TinyRemapperPreparedTransformerHandler
[Architectury Transformer DEBUG] Remapping with 1 mapping provider(s):
[Architectury Transformer DEBUG]  - dev.architectury.transformer.transformers.TransformNeoForgeEnvironment$$Lambda/0x000076b00002fbf0@4a3631f8
[Architectury Transformer DEBUG] Remapping Classes:
[Architectury Transformer DEBUG] net/fabricmc/api/EnvType -> net/neoforged/api/distmarker/Dist
[Architectury Transformer DEBUG] net/fabricmc/api/Environment -> net/neoforged/api/distmarker/OnlyIn
[Architectury Transformer DEBUG] Found class transformer
[Architectury Transformer DEBUG] Writing org/cneko/justarod/block/JRBlocks with maxs=true frames=true
[Architectury Transformer DEBUG] Transformed org/cneko/justarod/block/JRBlocks in 2.279 ms
[Architectury Transformer DEBUG] Transforming from org/cneko/justarod/JRAttributes.class to org/cneko/justarod/JRAttributes.class with 6 transformer(s) on dev.architectury.transformer.handler.TinyRemapperPreparedTransformerHandler
[Architectury Transformer DEBUG] Remapping with 1 mapping provider(s):
[Architectury Transformer DEBUG]  - dev.architectury.transformer.transformers.TransformNeoForgeEnvironment$$Lambda/0x000076b00002fbf0@4a3631f8
[Architectury Transformer DEBUG] Remapping Classes:
[Architectury Transformer DEBUG] net/fabricmc/api/EnvType -> net/neoforged/api/distmarker/Dist
[Architectury Transformer DEBUG] net/fabricmc/api/Environment -> net/neoforged/api/distmarker/OnlyIn
[Architectury Transformer DEBUG] Found class transformer
[Architectury Transformer DEBUG] Writing org/cneko/justarod/JRAttributes with maxs=true frames=true
[Architectury Transformer DEBUG] Transformed org/cneko/justarod/JRAttributes in 2.138 ms
[Architectury Transformer DEBUG] Transforming from org/cneko/justarod/JRAttributes$Companion.class to org/cneko/justarod/JRAttributes$Companion.class with 6 transformer(s) on dev.architectury.transformer.handler.TinyRemapperPreparedTransformerHandler
[Architectury Transformer DEBUG] Remapping with 1 mapping provider(s):
[Architectury Transformer DEBUG]  - dev.architectury.transformer.transformers.TransformNeoForgeEnvironment$$Lambda/0x000076b00002fbf0@4a3631f8
[Architectury Transformer DEBUG] Remapping Classes:
[Architectury Transformer DEBUG] net/fabricmc/api/EnvType -> net/neoforged/api/distmarker/Dist
[Architectury Transformer DEBUG] net/fabricmc/api/Environment -> net/neoforged/api/distmarker/OnlyIn
[Architectury Transformer DEBUG] Found class transformer
[Architectury Transformer DEBUG] Writing org/cneko/justarod/JRAttributes$Companion with maxs=true frames=true
[Architectury Transformer DEBUG] Transformed org/cneko/justarod/JRAttributes$Companion in 1.594 ms
[Architectury Transformer DEBUG] Transforming from org/cneko/justarod/quirks/JRQuirks.class to org/cneko/justarod/quirks/JRQuirks.class with 6 transformer(s) on dev.architectury.transformer.handler.TinyRemapperPreparedTransformerHandler
[Architectury Transformer DEBUG] Remapping with 1 mapping provider(s):
[Architectury Transformer DEBUG]  - dev.architectury.transformer.transformers.TransformNeoForgeEnvironment$$Lambda/0x000076b00002fbf0@4a3631f8
[Architectury Transformer DEBUG] Remapping Classes:
[Architectury Transformer DEBUG] net/fabricmc/api/EnvType -> net/neoforged/api/distmarker/Dist
[Architectury Transformer DEBUG] net/fabricmc/api/Environment -> net/neoforged/api/distmarker/OnlyIn
[Architectury Transformer DEBUG] Found class transformer
[Architectury Transformer DEBUG] Writing org/cneko/justarod/quirks/JRQuirks with maxs=true frames=true
[Architectury Transformer DEBUG] Transformed org/cneko/justarod/quirks/JRQuirks in 1.375 ms
[Architectury Transformer DEBUG] Transforming from org/cneko/justarod/quirks/JRQuirks$Companion.class to org/cneko/justarod/quirks/JRQuirks$Companion.class with 6 transformer(s) on dev.architectury.transformer.handler.TinyRemapperPreparedTransformerHandler
[Architectury Transformer DEBUG] Remapping with 1 mapping provider(s):
[Architectury Transformer DEBUG]  - dev.architectury.transformer.transformers.TransformNeoForgeEnvironment$$Lambda/0x000076b00002fbf0@4a3631f8
[Architectury Transformer DEBUG] Remapping Classes:
[Architectury Transformer DEBUG] net/fabricmc/api/EnvType -> net/neoforged/api/distmarker/Dist
[Architectury Transformer DEBUG] net/fabricmc/api/Environment -> net/neoforged/api/distmarker/OnlyIn
[Architectury Transformer DEBUG] Found class transformer
[Architectury Transformer DEBUG] Writing org/cneko/justarod/quirks/JRQuirks$Companion with maxs=true frames=true
[Architectury Transformer DEBUG] Transformed org/cneko/justarod/quirks/JRQuirks$Companion in 1.274 ms
[Architectury Transformer DEBUG] Transforming from org/cneko/justarod/quirks/JRDefaultQuirk$Companion.class to org/cneko/justarod/quirks/JRDefaultQuirk$Companion.class with 6 transformer(s) on dev.architectury.transformer.handler.TinyRemapperPreparedTransformerHandler
[Architectury Transformer DEBUG] Remapping with 1 mapping provider(s):
[Architectury Transformer DEBUG]  - dev.architectury.transformer.transformers.TransformNeoForgeEnvironment$$Lambda/0x000076b00002fbf0@4a3631f8
[Architectury Transformer DEBUG] Remapping Classes:
[Architectury Transformer DEBUG] net/fabricmc/api/EnvType -> net/neoforged/api/distmarker/Dist
[Architectury Transformer DEBUG] net/fabricmc/api/Environment -> net/neoforged/api/distmarker/OnlyIn
[Architectury Transformer DEBUG] Found class transformer
[Architectury Transformer DEBUG] Writing org/cneko/justarod/quirks/JRDefaultQuirk$Companion with maxs=true frames=true
[Architectury Transformer DEBUG] Transformed org/cneko/justarod/quirks/JRDefaultQuirk$Companion in 1.295 ms
[Architectury Transformer DEBUG] Transforming from org/cneko/justarod/quirks/EndRodQuirk.class to org/cneko/justarod/quirks/EndRodQuirk.class with 6 transformer(s) on dev.architectury.transformer.handler.TinyRemapperPreparedTransformerHandler
[Architectury Transformer DEBUG] Remapping with 1 mapping provider(s):
[Architectury Transformer DEBUG]  - dev.architectury.transformer.transformers.TransformNeoForgeEnvironment$$Lambda/0x000076b00002fbf0@4a3631f8
[Architectury Transformer DEBUG] Remapping Classes:
[Architectury Transformer DEBUG] net/fabricmc/api/EnvType -> net/neoforged/api/distmarker/Dist
[Architectury Transformer DEBUG] net/fabricmc/api/Environment -> net/neoforged/api/distmarker/OnlyIn
[Architectury Transformer DEBUG] Found class transformer
[Architectury Transformer DEBUG] Writing org/cneko/justarod/quirks/EndRodQuirk with maxs=true frames=true
[Architectury Transformer DEBUG] Transformed org/cneko/justarod/quirks/EndRodQuirk in 1.216 ms
[Architectury Transformer DEBUG] Transforming from org/cneko/justarod/quirks/CCBQuirk.class to org/cneko/justarod/quirks/CCBQuirk.class with 6 transformer(s) on dev.architectury.transformer.handler.TinyRemapperPreparedTransformerHandler
[Architectury Transformer DEBUG] Remapping with 1 mapping provider(s):
[Architectury Transformer DEBUG]  - dev.architectury.transformer.transformers.TransformNeoForgeEnvironment$$Lambda/0x000076b00002fbf0@4a3631f8
[Architectury Transformer DEBUG] Remapping Classes:
[Architectury Transformer DEBUG] net/fabricmc/api/EnvType -> net/neoforged/api/distmarker/Dist
[Architectury Transformer DEBUG] net/fabricmc/api/Environment -> net/neoforged/api/distmarker/OnlyIn
[Architectury Transformer DEBUG] Found class transformer
[Architectury Transformer DEBUG] Writing org/cneko/justarod/quirks/CCBQuirk with maxs=true frames=true
[Architectury Transformer DEBUG] Transformed org/cneko/justarod/quirks/CCBQuirk in 1.344 ms
[Architectury Transformer DEBUG] Transforming from org/cneko/justarod/event/EntityAttackEvent.class to org/cneko/justarod/event/EntityAttackEvent.class with 6 transformer(s) on dev.architectury.transformer.handler.TinyRemapperPreparedTransformerHandler
[Architectury Transformer DEBUG] Remapping with 1 mapping provider(s):
[Architectury Transformer DEBUG]  - dev.architectury.transformer.transformers.TransformNeoForgeEnvironment$$Lambda/0x000076b00002fbf0@4a3631f8
[Architectury Transformer DEBUG] Remapping Classes:
[Architectury Transformer DEBUG] net/fabricmc/api/EnvType -> net/neoforged/api/distmarker/Dist
[Architectury Transformer DEBUG] net/fabricmc/api/Environment -> net/neoforged/api/distmarker/OnlyIn
[Architectury Transformer DEBUG] Found class transformer
[Architectury Transformer DEBUG] Writing org/cneko/justarod/event/EntityAttackEvent with maxs=true frames=true
[Architectury Transformer DEBUG] Transformed org/cneko/justarod/event/EntityAttackEvent in 1.452 ms
[Architectury Transformer DEBUG] Transforming from org/cneko/justarod/event/MessagingEvent.class to org/cneko/justarod/event/MessagingEvent.class with 6 transformer(s) on dev.architectury.transformer.handler.TinyRemapperPreparedTransformerHandler
[Architectury Transformer DEBUG] Remapping with 1 mapping provider(s):
[Architectury Transformer DEBUG]  - dev.architectury.transformer.transformers.TransformNeoForgeEnvironment$$Lambda/0x000076b00002fbf0@4a3631f8
[Architectury Transformer DEBUG] Remapping Classes:
[Architectury Transformer DEBUG] net/fabricmc/api/EnvType -> net/neoforged/api/distmarker/Dist
[Architectury Transformer DEBUG] net/fabricmc/api/Environment -> net/neoforged/api/distmarker/OnlyIn
[Architectury Transformer DEBUG] Found class transformer
[Architectury Transformer DEBUG] Writing org/cneko/justarod/event/MessagingEvent with maxs=true frames=true
[Architectury Transformer DEBUG] Transformed org/cneko/justarod/event/MessagingEvent in 1.398 ms
[Architectury Transformer DEBUG] Transforming from org/cneko/justarod/event/MessagingEvent$Companion.class to org/cneko/justarod/event/MessagingEvent$Companion.class with 6 transformer(s) on dev.architectury.transformer.handler.TinyRemapperPreparedTransformerHandler
[Architectury Transformer DEBUG] Remapping with 1 mapping provider(s):
[Architectury Transformer DEBUG]  - dev.architectury.transformer.transformers.TransformNeoForgeEnvironment$$Lambda/0x000076b00002fbf0@4a3631f8
[Architectury Transformer DEBUG] Remapping Classes:
[Architectury Transformer DEBUG] net/fabricmc/api/EnvType -> net/neoforged/api/distmarker/Dist
[Architectury Transformer DEBUG] net/fabricmc/api/Environment -> net/neoforged/api/distmarker/OnlyIn
[Architectury Transformer DEBUG] Found class transformer
[Architectury Transformer DEBUG] Writing org/cneko/justarod/event/MessagingEvent$Companion with maxs=true frames=true
[Architectury Transformer DEBUG] Transformed org/cneko/justarod/event/MessagingEvent$Companion in 1.383 ms
[Architectury Transformer DEBUG] Transforming from org/cneko/justarod/entity/JREntities.class to org/cneko/justarod/entity/JREntities.class with 6 transformer(s) on dev.architectury.transformer.handler.TinyRemapperPreparedTransformerHandler
[Architectury Transformer DEBUG] Remapping with 1 mapping provider(s):
[Architectury Transformer DEBUG]  - dev.architectury.transformer.transformers.TransformNeoForgeEnvironment$$Lambda/0x000076b00002fbf0@4a3631f8
[Architectury Transformer DEBUG] Remapping Classes:
[Architectury Transformer DEBUG] net/fabricmc/api/EnvType -> net/neoforged/api/distmarker/Dist
[Architectury Transformer DEBUG] net/fabricmc/api/Environment -> net/neoforged/api/distmarker/OnlyIn
[Architectury Transformer DEBUG] Found class transformer
[Architectury Transformer DEBUG] Writing org/cneko/justarod/entity/JREntities with maxs=true frames=true
[Architectury Transformer DEBUG] Transformed org/cneko/justarod/entity/JREntities in 1.389 ms
[Architectury Transformer DEBUG] Transforming from org/cneko/justarod/entity/SeeeeexNekoEntity.class to org/cneko/justarod/entity/SeeeeexNekoEntity.class with 6 transformer(s) on dev.architectury.transformer.handler.TinyRemapperPreparedTransformerHandler
[Architectury Transformer DEBUG] Remapping with 1 mapping provider(s):
[Architectury Transformer DEBUG]  - dev.architectury.transformer.transformers.TransformNeoForgeEnvironment$$Lambda/0x000076b00002fbf0@4a3631f8
[Architectury Transformer DEBUG] Remapping Classes:
[Architectury Transformer DEBUG] net/fabricmc/api/EnvType -> net/neoforged/api/distmarker/Dist
[Architectury Transformer DEBUG] net/fabricmc/api/Environment -> net/neoforged/api/distmarker/OnlyIn
[Architectury Transformer DEBUG] Found class transformer
[Architectury Transformer DEBUG] Writing org/cneko/justarod/entity/SeeeeexNekoEntity with maxs=true frames=true
[Architectury Transformer DEBUG] Transformed org/cneko/justarod/entity/SeeeeexNekoEntity in 2.226 ms
[Architectury Transformer DEBUG] Transforming from org/cneko/justarod/entity/Sexual.class to org/cneko/justarod/entity/Sexual.class with 6 transformer(s) on dev.architectury.transformer.handler.TinyRemapperPreparedTransformerHandler
[Architectury Transformer DEBUG] Remapping with 1 mapping provider(s):
[Architectury Transformer DEBUG]  - dev.architectury.transformer.transformers.TransformNeoForgeEnvironment$$Lambda/0x000076b00002fbf0@4a3631f8
[Architectury Transformer DEBUG] Remapping Classes:
[Architectury Transformer DEBUG] net/fabricmc/api/EnvType -> net/neoforged/api/distmarker/Dist
[Architectury Transformer DEBUG] net/fabricmc/api/Environment -> net/neoforged/api/distmarker/OnlyIn
[Architectury Transformer DEBUG] Found class transformer
[Architectury Transformer DEBUG] Writing org/cneko/justarod/entity/Sexual with maxs=true frames=true
[Architectury Transformer DEBUG] Transformed org/cneko/justarod/entity/Sexual in 1.394 ms
[Architectury Transformer DEBUG] Transforming from org/cneko/justarod/entity/LoliNekoEntity.class to org/cneko/justarod/entity/LoliNekoEntity.class with 6 transformer(s) on dev.architectury.transformer.handler.TinyRemapperPreparedTransformerHandler
[Architectury Transformer DEBUG] Remapping with 1 mapping provider(s):
[Architectury Transformer DEBUG]  - dev.architectury.transformer.transformers.TransformNeoForgeEnvironment$$Lambda/0x000076b00002fbf0@4a3631f8
[Architectury Transformer DEBUG] Remapping Classes:
[Architectury Transformer DEBUG] net/fabricmc/api/EnvType -> net/neoforged/api/distmarker/Dist
[Architectury Transformer DEBUG] net/fabricmc/api/Environment -> net/neoforged/api/distmarker/OnlyIn
[Architectury Transformer DEBUG] Found class transformer
[Architectury Transformer DEBUG] Writing org/cneko/justarod/entity/LoliNekoEntity with maxs=true frames=true
[Architectury Transformer DEBUG] Transformed org/cneko/justarod/entity/LoliNekoEntity in 1.729 ms
[Architectury Transformer DEBUG] Transforming from org/cneko/justarod/entity/RodEntity.class to org/cneko/justarod/entity/RodEntity.class with 6 transformer(s) on dev.architectury.transformer.handler.TinyRemapperPreparedTransformerHandler
[Architectury Transformer DEBUG] Remapping with 1 mapping provider(s):
[Architectury Transformer DEBUG]  - dev.architectury.transformer.transformers.TransformNeoForgeEnvironment$$Lambda/0x000076b00002fbf0@4a3631f8
[Architectury Transformer DEBUG] Remapping Classes:
[Architectury Transformer DEBUG] net/fabricmc/api/EnvType -> net/neoforged/api/distmarker/Dist
[Architectury Transformer DEBUG] net/fabricmc/api/Environment -> net/neoforged/api/distmarker/OnlyIn
[Architectury Transformer DEBUG] Found class transformer
[Architectury Transformer DEBUG] Writing org/cneko/justarod/entity/RodEntity with maxs=true frames=true
[Architectury Transformer DEBUG] Transformed org/cneko/justarod/entity/RodEntity in 3.652 ms
[Architectury Transformer DEBUG] Transforming from org/cneko/justarod/entity/IcedTeaProjectileEntity.class to org/cneko/justarod/entity/IcedTeaProjectileEntity.class with 6 transformer(s) on dev.architectury.transformer.handler.TinyRemapperPreparedTransformerHandler
[Architectury Transformer DEBUG] Remapping with 1 mapping provider(s):
[Architectury Transformer DEBUG]  - dev.architectury.transformer.transformers.TransformNeoForgeEnvironment$$Lambda/0x000076b00002fbf0@4a3631f8
[Architectury Transformer DEBUG] Remapping Classes:
[Architectury Transformer DEBUG] net/fabricmc/api/EnvType -> net/neoforged/api/distmarker/Dist
[Architectury Transformer DEBUG] net/fabricmc/api/Environment -> net/neoforged/api/distmarker/OnlyIn
[Architectury Transformer DEBUG] Found class transformer
[Architectury Transformer DEBUG] Writing org/cneko/justarod/entity/IcedTeaProjectileEntity with maxs=true frames=true
[Architectury Transformer DEBUG] Transformed org/cneko/justarod/entity/IcedTeaProjectileEntity in 2.201 ms
[Architectury Transformer DEBUG] Transforming from org/cneko/justarod/event/TickEvent.class to org/cneko/justarod/event/TickEvent.class with 6 transformer(s) on dev.architectury.transformer.handler.TinyRemapperPreparedTransformerHandler
[Architectury Transformer DEBUG] Remapping with 1 mapping provider(s):
[Architectury Transformer DEBUG]  - dev.architectury.transformer.transformers.TransformNeoForgeEnvironment$$Lambda/0x000076b00002fbf0@4a3631f8
[Architectury Transformer DEBUG] Remapping Classes:
[Architectury Transformer DEBUG] net/fabricmc/api/EnvType -> net/neoforged/api/distmarker/Dist
[Architectury Transformer DEBUG] net/fabricmc/api/Environment -> net/neoforged/api/distmarker/OnlyIn
[Architectury Transformer DEBUG] Found class transformer
[Architectury Transformer DEBUG] Writing org/cneko/justarod/event/TickEvent with maxs=true frames=true
[Architectury Transformer DEBUG] Transformed org/cneko/justarod/event/TickEvent in 2.422 ms
[Architectury Transformer DEBUG] Transforming from org/cneko/justarod/event/TickEvent$Companion.class to org/cneko/justarod/event/TickEvent$Companion.class with 6 transformer(s) on dev.architectury.transformer.handler.TinyRemapperPreparedTransformerHandler
[Architectury Transformer DEBUG] Remapping with 1 mapping provider(s):
[Architectury Transformer DEBUG]  - dev.architectury.transformer.transformers.TransformNeoForgeEnvironment$$Lambda/0x000076b00002fbf0@4a3631f8
[Architectury Transformer DEBUG] Remapping Classes:
[Architectury Transformer DEBUG] net/fabricmc/api/EnvType -> net/neoforged/api/distmarker/Dist
[Architectury Transformer DEBUG] net/fabricmc/api/Environment -> net/neoforged/api/distmarker/OnlyIn
[Architectury Transformer DEBUG] Found class transformer
[Architectury Transformer DEBUG] Writing org/cneko/justarod/event/TickEvent$Companion with maxs=true frames=true
[Architectury Transformer DEBUG] Transformed org/cneko/justarod/event/TickEvent$Companion in 1.762 ms
[Architectury Transformer DEBUG] Transforming from org/cneko/justarod/command/JRCommands.class to org/cneko/justarod/command/JRCommands.class with 6 transformer(s) on dev.architectury.transformer.handler.TinyRemapperPreparedTransformerHandler
[Architectury Transformer DEBUG] Remapping with 1 mapping provider(s):
[Architectury Transformer DEBUG]  - dev.architectury.transformer.transformers.TransformNeoForgeEnvironment$$Lambda/0x000076b00002fbf0@4a3631f8
[Architectury Transformer DEBUG] Remapping Classes:
[Architectury Transformer DEBUG] net/fabricmc/api/EnvType -> net/neoforged/api/distmarker/Dist
[Architectury Transformer DEBUG] net/fabricmc/api/Environment -> net/neoforged/api/distmarker/OnlyIn
[Architectury Transformer DEBUG] Found class transformer
[Architectury Transformer DEBUG] Writing org/cneko/justarod/command/JRCommands with maxs=true frames=true
[Architectury Transformer DEBUG] Transformed org/cneko/justarod/command/JRCommands in 1.546 ms
[Architectury Transformer DEBUG] Transforming from org/cneko/justarod/command/ImpartCommand.class to org/cneko/justarod/command/ImpartCommand.class with 6 transformer(s) on dev.architectury.transformer.handler.TinyRemapperPreparedTransformerHandler
[Architectury Transformer DEBUG] Remapping with 1 mapping provider(s):
[Architectury Transformer DEBUG]  - dev.architectury.transformer.transformers.TransformNeoForgeEnvironment$$Lambda/0x000076b00002fbf0@4a3631f8
[Architectury Transformer DEBUG] Remapping Classes:
[Architectury Transformer DEBUG] net/fabricmc/api/EnvType -> net/neoforged/api/distmarker/Dist
[Architectury Transformer DEBUG] net/fabricmc/api/Environment -> net/neoforged/api/distmarker/OnlyIn
[Architectury Transformer DEBUG] Found class transformer
[Architectury Transformer DEBUG] Writing org/cneko/justarod/command/ImpartCommand with maxs=true frames=true
[Architectury Transformer DEBUG] Transformed org/cneko/justarod/command/ImpartCommand in 1.355 ms
[Architectury Transformer DEBUG] Transforming from org/cneko/justarod/command/ImpartCommand$Companion.class to org/cneko/justarod/command/ImpartCommand$Companion.class with 6 transformer(s) on dev.architectury.transformer.handler.TinyRemapperPreparedTransformerHandler
[Architectury Transformer DEBUG] Remapping with 1 mapping provider(s):
[Architectury Transformer DEBUG]  - dev.architectury.transformer.transformers.TransformNeoForgeEnvironment$$Lambda/0x000076b00002fbf0@4a3631f8
[Architectury Transformer DEBUG] Remapping Classes:
[Architectury Transformer DEBUG] net/fabricmc/api/EnvType -> net/neoforged/api/distmarker/Dist
[Architectury Transformer DEBUG] net/fabricmc/api/Environment -> net/neoforged/api/distmarker/OnlyIn
[Architectury Transformer DEBUG] Found class transformer
[Architectury Transformer DEBUG] Writing org/cneko/justarod/command/ImpartCommand$Companion with maxs=true frames=true
[Architectury Transformer DEBUG] Transformed org/cneko/justarod/command/ImpartCommand$Companion in 1.414 ms
[Architectury Transformer DEBUG] Transforming from org/cneko/justarod/command/MateCommand.class to org/cneko/justarod/command/MateCommand.class with 6 transformer(s) on dev.architectury.transformer.handler.TinyRemapperPreparedTransformerHandler
[Architectury Transformer DEBUG] Remapping with 1 mapping provider(s):
[Architectury Transformer DEBUG]  - dev.architectury.transformer.transformers.TransformNeoForgeEnvironment$$Lambda/0x000076b00002fbf0@4a3631f8
[Architectury Transformer DEBUG] Remapping Classes:
[Architectury Transformer DEBUG] net/fabricmc/api/EnvType -> net/neoforged/api/distmarker/Dist
[Architectury Transformer DEBUG] net/fabricmc/api/Environment -> net/neoforged/api/distmarker/OnlyIn
[Architectury Transformer DEBUG] Found class transformer
[Architectury Transformer DEBUG] Writing org/cneko/justarod/command/MateCommand with maxs=true frames=true
[Architectury Transformer DEBUG] Transformed org/cneko/justarod/command/MateCommand in 1.321 ms
[Architectury Transformer DEBUG] Transforming from org/cneko/justarod/command/MateCommand$Companion.class to org/cneko/justarod/command/MateCommand$Companion.class with 6 transformer(s) on dev.architectury.transformer.handler.TinyRemapperPreparedTransformerHandler
[Architectury Transformer DEBUG] Remapping with 1 mapping provider(s):
[Architectury Transformer DEBUG]  - dev.architectury.transformer.transformers.TransformNeoForgeEnvironment$$Lambda/0x000076b00002fbf0@4a3631f8
[Architectury Transformer DEBUG] Remapping Classes:
[Architectury Transformer DEBUG] net/fabricmc/api/EnvType -> net/neoforged/api/distmarker/Dist
[Architectury Transformer DEBUG] net/fabricmc/api/Environment -> net/neoforged/api/distmarker/OnlyIn
[Architectury Transformer DEBUG] Found class transformer
[Architectury Transformer DEBUG] Writing org/cneko/justarod/command/MateCommand$Companion with maxs=true frames=true
[Architectury Transformer DEBUG] Transformed org/cneko/justarod/command/MateCommand$Companion in 2.030 ms
[Architectury Transformer DEBUG] Transforming from org/cneko/justarod/command/PregnantCommand.class to org/cneko/justarod/command/PregnantCommand.class with 6 transformer(s) on dev.architectury.transformer.handler.TinyRemapperPreparedTransformerHandler
[Architectury Transformer DEBUG] Remapping with 1 mapping provider(s):
[Architectury Transformer DEBUG]  - dev.architectury.transformer.transformers.TransformNeoForgeEnvironment$$Lambda/0x000076b00002fbf0@4a3631f8
[Architectury Transformer DEBUG] Remapping Classes:
[Architectury Transformer DEBUG] net/fabricmc/api/EnvType -> net/neoforged/api/distmarker/Dist
[Architectury Transformer DEBUG] net/fabricmc/api/Environment -> net/neoforged/api/distmarker/OnlyIn
[Architectury Transformer DEBUG] Found class transformer
[Architectury Transformer DEBUG] Writing org/cneko/justarod/command/PregnantCommand with maxs=true frames=true
[Architectury Transformer DEBUG] Transformed org/cneko/justarod/command/PregnantCommand in 1.625 ms
[Architectury Transformer DEBUG] Transforming from org/cneko/justarod/command/PregnantCommand$Companion.class to org/cneko/justarod/command/PregnantCommand$Companion.class with 6 transformer(s) on dev.architectury.transformer.handler.TinyRemapperPreparedTransformerHandler
[Architectury Transformer DEBUG] Remapping with 1 mapping provider(s):
[Architectury Transformer DEBUG]  - dev.architectury.transformer.transformers.TransformNeoForgeEnvironment$$Lambda/0x000076b00002fbf0@4a3631f8
[Architectury Transformer DEBUG] Remapping Classes:
[Architectury Transformer DEBUG] net/fabricmc/api/EnvType -> net/neoforged/api/distmarker/Dist
[Architectury Transformer DEBUG] net/fabricmc/api/Environment -> net/neoforged/api/distmarker/OnlyIn
[Architectury Transformer DEBUG] Found class transformer
[Architectury Transformer DEBUG] Writing org/cneko/justarod/command/PregnantCommand$Companion with maxs=true frames=true
[Architectury Transformer DEBUG] Transformed org/cneko/justarod/command/PregnantCommand$Companion in 5.310 ms
[Architectury Transformer DEBUG] Transforming from org/cneko/justarod/command/BDSMCommand.class to org/cneko/justarod/command/BDSMCommand.class with 6 transformer(s) on dev.architectury.transformer.handler.TinyRemapperPreparedTransformerHandler
[Architectury Transformer DEBUG] Remapping with 1 mapping provider(s):
[Architectury Transformer DEBUG]  - dev.architectury.transformer.transformers.TransformNeoForgeEnvironment$$Lambda/0x000076b00002fbf0@4a3631f8
[Architectury Transformer DEBUG] Remapping Classes:
[Architectury Transformer DEBUG] net/fabricmc/api/EnvType -> net/neoforged/api/distmarker/Dist
[Architectury Transformer DEBUG] net/fabricmc/api/Environment -> net/neoforged/api/distmarker/OnlyIn
[Architectury Transformer DEBUG] Found class transformer
[Architectury Transformer DEBUG] Writing org/cneko/justarod/command/BDSMCommand with maxs=true frames=true
[Architectury Transformer DEBUG] Transformed org/cneko/justarod/command/BDSMCommand in 1.860 ms
[Architectury Transformer DEBUG] Transforming from org/cneko/justarod/command/BDSMCommand$Companion.class to org/cneko/justarod/command/BDSMCommand$Companion.class with 6 transformer(s) on dev.architectury.transformer.handler.TinyRemapperPreparedTransformerHandler
[Architectury Transformer DEBUG] Remapping with 1 mapping provider(s):
[Architectury Transformer DEBUG]  - dev.architectury.transformer.transformers.TransformNeoForgeEnvironment$$Lambda/0x000076b00002fbf0@4a3631f8
[Architectury Transformer DEBUG] Remapping Classes:
[Architectury Transformer DEBUG] net/fabricmc/api/EnvType -> net/neoforged/api/distmarker/Dist
[Architectury Transformer DEBUG] net/fabricmc/api/Environment -> net/neoforged/api/distmarker/OnlyIn
[Architectury Transformer DEBUG] Found class transformer
[Architectury Transformer DEBUG] Writing org/cneko/justarod/command/BDSMCommand$Companion with maxs=true frames=true
[Architectury Transformer DEBUG] Transformed org/cneko/justarod/command/BDSMCommand$Companion in 2.238 ms
[Architectury Transformer DEBUG] Transforming from org/cneko/justarod/packet/JRPackets.class to org/cneko/justarod/packet/JRPackets.class with 6 transformer(s) on dev.architectury.transformer.handler.TinyRemapperPreparedTransformerHandler
[Architectury Transformer DEBUG] Remapping with 1 mapping provider(s):
[Architectury Transformer DEBUG]  - dev.architectury.transformer.transformers.TransformNeoForgeEnvironment$$Lambda/0x000076b00002fbf0@4a3631f8
[Architectury Transformer DEBUG] Remapping Classes:
[Architectury Transformer DEBUG] net/fabricmc/api/EnvType -> net/neoforged/api/distmarker/Dist
[Architectury Transformer DEBUG] net/fabricmc/api/Environment -> net/neoforged/api/distmarker/OnlyIn
[Architectury Transformer DEBUG] Found class transformer
[Architectury Transformer DEBUG] Writing org/cneko/justarod/packet/JRPackets with maxs=true frames=true
[Architectury Transformer DEBUG] Transformed org/cneko/justarod/packet/JRPackets in 1.368 ms
[Architectury Transformer DEBUG] Transforming from org/cneko/justarod/packet/FrictionPayload.class to org/cneko/justarod/packet/FrictionPayload.class with 6 transformer(s) on dev.architectury.transformer.handler.TinyRemapperPreparedTransformerHandler
[Architectury Transformer DEBUG] Remapping with 1 mapping provider(s):
[Architectury Transformer DEBUG]  - dev.architectury.transformer.transformers.TransformNeoForgeEnvironment$$Lambda/0x000076b00002fbf0@4a3631f8
[Architectury Transformer DEBUG] Remapping Classes:
[Architectury Transformer DEBUG] net/fabricmc/api/EnvType -> net/neoforged/api/distmarker/Dist
[Architectury Transformer DEBUG] net/fabricmc/api/Environment -> net/neoforged/api/distmarker/OnlyIn
[Architectury Transformer DEBUG] Found class transformer
[Architectury Transformer DEBUG] Writing org/cneko/justarod/packet/FrictionPayload with maxs=true frames=true
[Architectury Transformer DEBUG] Transformed org/cneko/justarod/packet/FrictionPayload in 1.476 ms
[Architectury Transformer DEBUG] Transforming from org/cneko/justarod/packet/FullHeatPayload.class to org/cneko/justarod/packet/FullHeatPayload.class with 6 transformer(s) on dev.architectury.transformer.handler.TinyRemapperPreparedTransformerHandler
[Architectury Transformer DEBUG] Remapping with 1 mapping provider(s):
[Architectury Transformer DEBUG]  - dev.architectury.transformer.transformers.TransformNeoForgeEnvironment$$Lambda/0x000076b00002fbf0@4a3631f8
[Architectury Transformer DEBUG] Remapping Classes:
[Architectury Transformer DEBUG] net/fabricmc/api/EnvType -> net/neoforged/api/distmarker/Dist
[Architectury Transformer DEBUG] net/fabricmc/api/Environment -> net/neoforged/api/distmarker/OnlyIn
[Architectury Transformer DEBUG] Found class transformer
[Architectury Transformer DEBUG] Writing org/cneko/justarod/packet/FullHeatPayload with maxs=true frames=true
[Architectury Transformer DEBUG] Transformed org/cneko/justarod/packet/FullHeatPayload in 1.389 ms
[Architectury Transformer DEBUG] Transforming from org/cneko/justarod/packet/JRSyncPayload.class to org/cneko/justarod/packet/JRSyncPayload.class with 6 transformer(s) on dev.architectury.transformer.handler.TinyRemapperPreparedTransformerHandler
[Architectury Transformer DEBUG] Remapping with 1 mapping provider(s):
[Architectury Transformer DEBUG]  - dev.architectury.transformer.transformers.TransformNeoForgeEnvironment$$Lambda/0x000076b00002fbf0@4a3631f8
[Architectury Transformer DEBUG] Remapping Classes:
[Architectury Transformer DEBUG] net/fabricmc/api/EnvType -> net/neoforged/api/distmarker/Dist
[Architectury Transformer DEBUG] net/fabricmc/api/Environment -> net/neoforged/api/distmarker/OnlyIn
[Architectury Transformer DEBUG] Found class transformer
[Architectury Transformer DEBUG] Writing org/cneko/justarod/packet/JRSyncPayload with maxs=true frames=true
[Architectury Transformer DEBUG] Transformed org/cneko/justarod/packet/JRSyncPayload in 1.565 ms
[Architectury Transformer DEBUG] Transforming from org/cneko/justarod/packet/MatePayload.class to org/cneko/justarod/packet/MatePayload.class with 6 transformer(s) on dev.architectury.transformer.handler.TinyRemapperPreparedTransformerHandler
[Architectury Transformer DEBUG] Remapping with 1 mapping provider(s):
[Architectury Transformer DEBUG]  - dev.architectury.transformer.transformers.TransformNeoForgeEnvironment$$Lambda/0x000076b00002fbf0@4a3631f8
[Architectury Transformer DEBUG] Remapping Classes:
[Architectury Transformer DEBUG] net/fabricmc/api/EnvType -> net/neoforged/api/distmarker/Dist
[Architectury Transformer DEBUG] net/fabricmc/api/Environment -> net/neoforged/api/distmarker/OnlyIn
[Architectury Transformer DEBUG] Found class transformer
[Architectury Transformer DEBUG] Writing org/cneko/justarod/packet/MatePayload with maxs=true frames=true
[Architectury Transformer DEBUG] Transformed org/cneko/justarod/packet/MatePayload in 1.299 ms
[Architectury Transformer DEBUG] Transforming from org/cneko/justarod/packet/PassiveMatingPayload.class to org/cneko/justarod/packet/PassiveMatingPayload.class with 6 transformer(s) on dev.architectury.transformer.handler.TinyRemapperPreparedTransformerHandler
[Architectury Transformer DEBUG] Remapping with 1 mapping provider(s):
[Architectury Transformer DEBUG]  - dev.architectury.transformer.transformers.TransformNeoForgeEnvironment$$Lambda/0x000076b00002fbf0@4a3631f8
[Architectury Transformer DEBUG] Remapping Classes:
[Architectury Transformer DEBUG] net/fabricmc/api/EnvType -> net/neoforged/api/distmarker/Dist
[Architectury Transformer DEBUG] net/fabricmc/api/Environment -> net/neoforged/api/distmarker/OnlyIn
[Architectury Transformer DEBUG] Found class transformer
[Architectury Transformer DEBUG] Writing org/cneko/justarod/packet/PassiveMatingPayload with maxs=true frames=true
[Architectury Transformer DEBUG] Transformed org/cneko/justarod/packet/PassiveMatingPayload in 1.320 ms
[Architectury Transformer DEBUG] Transforming from org/cneko/justarod/packet/RavennPassiveMatingPayload.class to org/cneko/justarod/packet/RavennPassiveMatingPayload.class with 6 transformer(s) on dev.architectury.transformer.handler.TinyRemapperPreparedTransformerHandler
[Architectury Transformer DEBUG] Remapping with 1 mapping provider(s):
[Architectury Transformer DEBUG]  - dev.architectury.transformer.transformers.TransformNeoForgeEnvironment$$Lambda/0x000076b00002fbf0@4a3631f8
[Architectury Transformer DEBUG] Remapping Classes:
[Architectury Transformer DEBUG] net/fabricmc/api/EnvType -> net/neoforged/api/distmarker/Dist
[Architectury Transformer DEBUG] net/fabricmc/api/Environment -> net/neoforged/api/distmarker/OnlyIn
[Architectury Transformer DEBUG] Found class transformer
[Architectury Transformer DEBUG] Writing org/cneko/justarod/packet/RavennPassiveMatingPayload with maxs=true frames=true
[Architectury Transformer DEBUG] Transformed org/cneko/justarod/packet/RavennPassiveMatingPayload in 1.413 ms
[Architectury Transformer DEBUG] Transforming from org/cneko/justarod/packet/BDSMPayload.class to org/cneko/justarod/packet/BDSMPayload.class with 6 transformer(s) on dev.architectury.transformer.handler.TinyRemapperPreparedTransformerHandler
[Architectury Transformer DEBUG] Remapping with 1 mapping provider(s):
[Architectury Transformer DEBUG]  - dev.architectury.transformer.transformers.TransformNeoForgeEnvironment$$Lambda/0x000076b00002fbf0@4a3631f8
[Architectury Transformer DEBUG] Remapping Classes:
[Architectury Transformer DEBUG] net/fabricmc/api/EnvType -> net/neoforged/api/distmarker/Dist
[Architectury Transformer DEBUG] net/fabricmc/api/Environment -> net/neoforged/api/distmarker/OnlyIn
[Architectury Transformer DEBUG] Found class transformer
[Architectury Transformer DEBUG] Writing org/cneko/justarod/packet/BDSMPayload with maxs=true frames=true
[Architectury Transformer DEBUG] Transformed org/cneko/justarod/packet/BDSMPayload in 1.404 ms
[Architectury Transformer DEBUG] Transforming from org/cneko/justarod/packet/MedicalPayload.class to org/cneko/justarod/packet/MedicalPayload.class with 6 transformer(s) on dev.architectury.transformer.handler.TinyRemapperPreparedTransformerHandler
[Architectury Transformer DEBUG] Remapping with 1 mapping provider(s):
[Architectury Transformer DEBUG]  - dev.architectury.transformer.transformers.TransformNeoForgeEnvironment$$Lambda/0x000076b00002fbf0@4a3631f8
[Architectury Transformer DEBUG] Remapping Classes:
[Architectury Transformer DEBUG] net/fabricmc/api/EnvType -> net/neoforged/api/distmarker/Dist
[Architectury Transformer DEBUG] net/fabricmc/api/Environment -> net/neoforged/api/distmarker/OnlyIn
[Architectury Transformer DEBUG] Found class transformer
[Architectury Transformer DEBUG] Writing org/cneko/justarod/packet/MedicalPayload with maxs=true frames=true
[Architectury Transformer DEBUG] Transformed org/cneko/justarod/packet/MedicalPayload in 1.400 ms
[Architectury Transformer DEBUG] Transforming from org/cneko/justarod/packet/XRayScanScreenPayload.class to org/cneko/justarod/packet/XRayScanScreenPayload.class with 6 transformer(s) on dev.architectury.transformer.handler.TinyRemapperPreparedTransformerHandler
[Architectury Transformer DEBUG] Remapping with 1 mapping provider(s):
[Architectury Transformer DEBUG]  - dev.architectury.transformer.transformers.TransformNeoForgeEnvironment$$Lambda/0x000076b00002fbf0@4a3631f8
[Architectury Transformer DEBUG] Remapping Classes:
[Architectury Transformer DEBUG] net/fabricmc/api/EnvType -> net/neoforged/api/distmarker/Dist
[Architectury Transformer DEBUG] net/fabricmc/api/Environment -> net/neoforged/api/distmarker/OnlyIn
[Architectury Transformer DEBUG] Found class transformer
[Architectury Transformer DEBUG] Writing org/cneko/justarod/packet/XRayScanScreenPayload with maxs=true frames=true
[Architectury Transformer DEBUG] Transformed org/cneko/justarod/packet/XRayScanScreenPayload in 1.303 ms
[Architectury Transformer DEBUG] Transforming from org/cneko/justarod/client/gui/ScanType.class to org/cneko/justarod/client/gui/ScanType.class with 6 transformer(s) on dev.architectury.transformer.handler.TinyRemapperPreparedTransformerHandler
[Architectury Transformer DEBUG] Remapping with 1 mapping provider(s):
[Architectury Transformer DEBUG]  - dev.architectury.transformer.transformers.TransformNeoForgeEnvironment$$Lambda/0x000076b00002fbf0@4a3631f8
[Architectury Transformer DEBUG] Remapping Classes:
[Architectury Transformer DEBUG] net/fabricmc/api/EnvType -> net/neoforged/api/distmarker/Dist
[Architectury Transformer DEBUG] net/fabricmc/api/Environment -> net/neoforged/api/distmarker/OnlyIn
[Architectury Transformer DEBUG] Found class transformer
[Architectury Transformer DEBUG] Writing org/cneko/justarod/client/gui/ScanType with maxs=true frames=true
[Architectury Transformer DEBUG] Transformed org/cneko/justarod/client/gui/ScanType in 1.287 ms
[Architectury Transformer DEBUG] Transforming from org/cneko/justarod/event/JRNetWorkingEvents.class to org/cneko/justarod/event/JRNetWorkingEvents.class with 6 transformer(s) on dev.architectury.transformer.handler.TinyRemapperPreparedTransformerHandler
[Architectury Transformer DEBUG] Remapping with 1 mapping provider(s):
[Architectury Transformer DEBUG]  - dev.architectury.transformer.transformers.TransformNeoForgeEnvironment$$Lambda/0x000076b00002fbf0@4a3631f8
[Architectury Transformer DEBUG] Remapping Classes:
[Architectury Transformer DEBUG] net/fabricmc/api/EnvType -> net/neoforged/api/distmarker/Dist
[Architectury Transformer DEBUG] net/fabricmc/api/Environment -> net/neoforged/api/distmarker/OnlyIn
[Architectury Transformer DEBUG] Found class transformer
[Architectury Transformer DEBUG] Writing org/cneko/justarod/event/JRNetWorkingEvents with maxs=true frames=true
[Architectury Transformer DEBUG] Transformed org/cneko/justarod/event/JRNetWorkingEvents in 1.579 ms
[Architectury Transformer DEBUG] Transforming from org/cneko/justarod/JRCriteria.class to org/cneko/justarod/JRCriteria.class with 6 transformer(s) on dev.architectury.transformer.handler.TinyRemapperPreparedTransformerHandler
[Architectury Transformer DEBUG] Remapping with 1 mapping provider(s):
[Architectury Transformer DEBUG]  - dev.architectury.transformer.transformers.TransformNeoForgeEnvironment$$Lambda/0x000076b00002fbf0@4a3631f8
[Architectury Transformer DEBUG] Remapping Classes:
[Architectury Transformer DEBUG] net/fabricmc/api/EnvType -> net/neoforged/api/distmarker/Dist
[Architectury Transformer DEBUG] net/fabricmc/api/Environment -> net/neoforged/api/distmarker/OnlyIn
[Architectury Transformer DEBUG] Found class transformer
[Architectury Transformer DEBUG] Writing org/cneko/justarod/JRCriteria with maxs=true frames=true
[Architectury Transformer DEBUG] Transformed org/cneko/justarod/JRCriteria in 1.296 ms
[Architectury Transformer DEBUG] Transforming from org/cneko/justarod/advancment/criterion/ItemUsedOnEntityCriterion.class to org/cneko/justarod/advancment/criterion/ItemUsedOnEntityCriterion.class with 6 transformer(s) on dev.architectury.transformer.handler.TinyRemapperPreparedTransformerHandler
[Architectury Transformer DEBUG] Remapping with 1 mapping provider(s):
[Architectury Transformer DEBUG]  - dev.architectury.transformer.transformers.TransformNeoForgeEnvironment$$Lambda/0x000076b00002fbf0@4a3631f8
[Architectury Transformer DEBUG] Remapping Classes:
[Architectury Transformer DEBUG] net/fabricmc/api/EnvType -> net/neoforged/api/distmarker/Dist
[Architectury Transformer DEBUG] net/fabricmc/api/Environment -> net/neoforged/api/distmarker/OnlyIn
[Architectury Transformer DEBUG] Found class transformer
[Architectury Transformer DEBUG] Writing org/cneko/justarod/advancment/criterion/ItemUsedOnEntityCriterion with maxs=true frames=true
[Architectury Transformer DEBUG] Transformed org/cneko/justarod/advancment/criterion/ItemUsedOnEntityCriterion in 1.322 ms
[Architectury Transformer DEBUG] Transforming from org/cneko/justarod/event/EntityDeathEvent.class to org/cneko/justarod/event/EntityDeathEvent.class with 6 transformer(s) on dev.architectury.transformer.handler.TinyRemapperPreparedTransformerHandler
[Architectury Transformer DEBUG] Remapping with 1 mapping provider(s):
[Architectury Transformer DEBUG]  - dev.architectury.transformer.transformers.TransformNeoForgeEnvironment$$Lambda/0x000076b00002fbf0@4a3631f8
[Architectury Transformer DEBUG] Remapping Classes:
[Architectury Transformer DEBUG] net/fabricmc/api/EnvType -> net/neoforged/api/distmarker/Dist
[Architectury Transformer DEBUG] net/fabricmc/api/Environment -> net/neoforged/api/distmarker/OnlyIn
[Architectury Transformer DEBUG] Found class transformer
[Architectury Transformer DEBUG] Writing org/cneko/justarod/event/EntityDeathEvent with maxs=true frames=true
[Architectury Transformer DEBUG] Transformed org/cneko/justarod/event/EntityDeathEvent in 1.336 ms
[Architectury Transformer DEBUG] Transforming from org/cneko/justarod/event/EntityRespawnEvent.class to org/cneko/justarod/event/EntityRespawnEvent.class with 6 transformer(s) on dev.architectury.transformer.handler.TinyRemapperPreparedTransformerHandler
[Architectury Transformer DEBUG] Remapping with 1 mapping provider(s):
[Architectury Transformer DEBUG]  - dev.architectury.transformer.transformers.TransformNeoForgeEnvironment$$Lambda/0x000076b00002fbf0@4a3631f8
[Architectury Transformer DEBUG] Remapping Classes:
[Architectury Transformer DEBUG] net/fabricmc/api/EnvType -> net/neoforged/api/distmarker/Dist
[Architectury Transformer DEBUG] net/fabricmc/api/Environment -> net/neoforged/api/distmarker/OnlyIn
[Architectury Transformer DEBUG] Found class transformer
[Architectury Transformer DEBUG] Writing org/cneko/justarod/event/EntityRespawnEvent with maxs=true frames=true
[Architectury Transformer DEBUG] Transformed org/cneko/justarod/event/EntityRespawnEvent in 1.338 ms
[Architectury Transformer DEBUG] Transforming from org/cneko/justarod/event/LactationInteractionEvents.class to org/cneko/justarod/event/LactationInteractionEvents.class with 6 transformer(s) on dev.architectury.transformer.handler.TinyRemapperPreparedTransformerHandler
[Architectury Transformer DEBUG] Remapping with 1 mapping provider(s):
[Architectury Transformer DEBUG]  - dev.architectury.transformer.transformers.TransformNeoForgeEnvironment$$Lambda/0x000076b00002fbf0@4a3631f8
[Architectury Transformer DEBUG] Remapping Classes:
[Architectury Transformer DEBUG] net/fabricmc/api/EnvType -> net/neoforged/api/distmarker/Dist
[Architectury Transformer DEBUG] net/fabricmc/api/Environment -> net/neoforged/api/distmarker/OnlyIn
[Architectury Transformer DEBUG] Found class transformer
[Architectury Transformer DEBUG] Writing org/cneko/justarod/event/LactationInteractionEvents with maxs=true frames=true
[Architectury Transformer DEBUG] Transformed org/cneko/justarod/event/LactationInteractionEvents in 1.304 ms
[Architectury Transformer DEBUG] Transforming from org/cneko/justarod/event/LactationInteractionEvents$Companion.class to org/cneko/justarod/event/LactationInteractionEvents$Companion.class with 6 transformer(s) on dev.architectury.transformer.handler.TinyRemapperPreparedTransformerHandler
[Architectury Transformer DEBUG] Remapping with 1 mapping provider(s):
[Architectury Transformer DEBUG]  - dev.architectury.transformer.transformers.TransformNeoForgeEnvironment$$Lambda/0x000076b00002fbf0@4a3631f8
[Architectury Transformer DEBUG] Remapping Classes:
[Architectury Transformer DEBUG] net/fabricmc/api/EnvType -> net/neoforged/api/distmarker/Dist
[Architectury Transformer DEBUG] net/fabricmc/api/Environment -> net/neoforged/api/distmarker/OnlyIn
[Architectury Transformer DEBUG] Found class transformer
[Architectury Transformer DEBUG] Writing org/cneko/justarod/event/LactationInteractionEvents$Companion with maxs=true frames=true
[Architectury Transformer DEBUG] Transformed org/cneko/justarod/event/LactationInteractionEvents$Companion in 1.338 ms
[Architectury Transformer DEBUG] Transforming from org/cneko/justarod/genetics/RodGenetics.class to org/cneko/justarod/genetics/RodGenetics.class with 6 transformer(s) on dev.architectury.transformer.handler.TinyRemapperPreparedTransformerHandler
[Architectury Transformer DEBUG] Remapping with 1 mapping provider(s):
[Architectury Transformer DEBUG]  - dev.architectury.transformer.transformers.TransformNeoForgeEnvironment$$Lambda/0x000076b00002fbf0@4a3631f8
[Architectury Transformer DEBUG] Remapping Classes:
[Architectury Transformer DEBUG] net/fabricmc/api/EnvType -> net/neoforged/api/distmarker/Dist
[Architectury Transformer DEBUG] net/fabricmc/api/Environment -> net/neoforged/api/distmarker/OnlyIn
[Architectury Transformer DEBUG] Found class transformer
[Architectury Transformer DEBUG] Writing org/cneko/justarod/genetics/RodGenetics with maxs=true frames=true
[Architectury Transformer DEBUG] Transformed org/cneko/justarod/genetics/RodGenetics in 2.258 ms
[Architectury Transformer DEBUG] Transforming from org/cneko/justarod/client/JustarodClient.class to org/cneko/justarod/client/JustarodClient.class with 6 transformer(s) on dev.architectury.transformer.handler.TinyRemapperPreparedTransformerHandler
[Architectury Transformer DEBUG] Remapping with 1 mapping provider(s):
[Architectury Transformer DEBUG]  - dev.architectury.transformer.transformers.TransformNeoForgeEnvironment$$Lambda/0x000076b00002fbf0@4a3631f8
[Architectury Transformer DEBUG] Remapping Classes:
[Architectury Transformer DEBUG] net/fabricmc/api/EnvType -> net/neoforged/api/distmarker/Dist
[Architectury Transformer DEBUG] net/fabricmc/api/Environment -> net/neoforged/api/distmarker/OnlyIn
[Architectury Transformer DEBUG] Found class transformer
[Architectury Transformer DEBUG] Writing org/cneko/justarod/client/JustarodClient with maxs=true frames=true
[Architectury Transformer DEBUG] Transformed org/cneko/justarod/client/JustarodClient in 1.897 ms
[Architectury Transformer DEBUG] Transforming from org/cneko/justarod/client/renderer/LoliNekoRenderer.class to org/cneko/justarod/client/renderer/LoliNekoRenderer.class with 6 transformer(s) on dev.architectury.transformer.handler.TinyRemapperPreparedTransformerHandler
[Architectury Transformer DEBUG] Remapping with 1 mapping provider(s):
[Architectury Transformer DEBUG]  - dev.architectury.transformer.transformers.TransformNeoForgeEnvironment$$Lambda/0x000076b00002fbf0@4a3631f8
[Architectury Transformer DEBUG] Remapping Classes:
[Architectury Transformer DEBUG] net/fabricmc/api/EnvType -> net/neoforged/api/distmarker/Dist
[Architectury Transformer DEBUG] net/fabricmc/api/Environment -> net/neoforged/api/distmarker/OnlyIn
[Architectury Transformer DEBUG] Found class transformer
[Architectury Transformer DEBUG] Writing org/cneko/justarod/client/renderer/LoliNekoRenderer with maxs=true frames=true
[Architectury Transformer DEBUG] Transformed org/cneko/justarod/client/renderer/LoliNekoRenderer in 2.228 ms
[Architectury Transformer DEBUG] Transforming from org/cneko/justarod/client/renderer/RodRenderer.class to org/cneko/justarod/client/renderer/RodRenderer.class with 6 transformer(s) on dev.architectury.transformer.handler.TinyRemapperPreparedTransformerHandler
[Architectury Transformer DEBUG] Remapping with 1 mapping provider(s):
[Architectury Transformer DEBUG]  - dev.architectury.transformer.transformers.TransformNeoForgeEnvironment$$Lambda/0x000076b00002fbf0@4a3631f8
[Architectury Transformer DEBUG] Remapping Classes:
[Architectury Transformer DEBUG] net/fabricmc/api/EnvType -> net/neoforged/api/distmarker/Dist
[Architectury Transformer DEBUG] net/fabricmc/api/Environment -> net/neoforged/api/distmarker/OnlyIn
[Architectury Transformer DEBUG] Found class transformer
[Architectury Transformer DEBUG] Writing org/cneko/justarod/client/renderer/RodRenderer with maxs=true frames=true
[Architectury Transformer DEBUG] Transformed org/cneko/justarod/client/renderer/RodRenderer in 1.465 ms
[Architectury Transformer DEBUG] Transforming from org/cneko/justarod/client/renderer/IcedTeaRenderer.class to org/cneko/justarod/client/renderer/IcedTeaRenderer.class with 6 transformer(s) on dev.architectury.transformer.handler.TinyRemapperPreparedTransformerHandler
[Architectury Transformer DEBUG] Remapping with 1 mapping provider(s):
[Architectury Transformer DEBUG]  - dev.architectury.transformer.transformers.TransformNeoForgeEnvironment$$Lambda/0x000076b00002fbf0@4a3631f8
[Architectury Transformer DEBUG] Remapping Classes:
[Architectury Transformer DEBUG] net/fabricmc/api/EnvType -> net/neoforged/api/distmarker/Dist
[Architectury Transformer DEBUG] net/fabricmc/api/Environment -> net/neoforged/api/distmarker/OnlyIn
[Architectury Transformer DEBUG] Found class transformer
[Architectury Transformer DEBUG] Writing org/cneko/justarod/client/renderer/IcedTeaRenderer with maxs=true frames=true
[Architectury Transformer DEBUG] Transformed org/cneko/justarod/client/renderer/IcedTeaRenderer in 1.246 ms
[Architectury Transformer DEBUG] Transforming from org/cneko/justarod/client/event/JRClientNetworkingEvents.class to org/cneko/justarod/client/event/JRClientNetworkingEvents.class with 6 transformer(s) on dev.architectury.transformer.handler.TinyRemapperPreparedTransformerHandler
[Architectury Transformer DEBUG] Remapping with 1 mapping provider(s):
[Architectury Transformer DEBUG]  - dev.architectury.transformer.transformers.TransformNeoForgeEnvironment$$Lambda/0x000076b00002fbf0@4a3631f8
[Architectury Transformer DEBUG] Remapping Classes:
[Architectury Transformer DEBUG] net/fabricmc/api/EnvType -> net/neoforged/api/distmarker/Dist
[Architectury Transformer DEBUG] net/fabricmc/api/Environment -> net/neoforged/api/distmarker/OnlyIn
[Architectury Transformer DEBUG] Found class transformer
[Architectury Transformer DEBUG] Writing org/cneko/justarod/client/event/JRClientNetworkingEvents with maxs=true frames=true
[Architectury Transformer DEBUG] Transformed org/cneko/justarod/client/event/JRClientNetworkingEvents in 1.709 ms
[Architectury Transformer DEBUG] Transforming from org/cneko/justarod/client/gui/UterusScanScreen.class to org/cneko/justarod/client/gui/UterusScanScreen.class with 6 transformer(s) on dev.architectury.transformer.handler.TinyRemapperPreparedTransformerHandler
[Architectury Transformer DEBUG] Remapping with 1 mapping provider(s):
[Architectury Transformer DEBUG]  - dev.architectury.transformer.transformers.TransformNeoForgeEnvironment$$Lambda/0x000076b00002fbf0@4a3631f8
[Architectury Transformer DEBUG] Remapping Classes:
[Architectury Transformer DEBUG] net/fabricmc/api/EnvType -> net/neoforged/api/distmarker/Dist
[Architectury Transformer DEBUG] net/fabricmc/api/Environment -> net/neoforged/api/distmarker/OnlyIn
[Architectury Transformer DEBUG] Found class transformer
[Architectury Transformer DEBUG] Writing org/cneko/justarod/client/gui/UterusScanScreen with maxs=true frames=true
[Architectury Transformer DEBUG] Transformed org/cneko/justarod/client/gui/UterusScanScreen in 1.415 ms
[Architectury Transformer DEBUG] Transforming from org/cneko/justarod/client/gui/MedicalScanScreen.class to org/cneko/justarod/client/gui/MedicalScanScreen.class with 6 transformer(s) on dev.architectury.transformer.handler.TinyRemapperPreparedTransformerHandler
[Architectury Transformer DEBUG] Remapping with 1 mapping provider(s):
[Architectury Transformer DEBUG]  - dev.architectury.transformer.transformers.TransformNeoForgeEnvironment$$Lambda/0x000076b00002fbf0@4a3631f8
[Architectury Transformer DEBUG] Remapping Classes:
[Architectury Transformer DEBUG] net/fabricmc/api/EnvType -> net/neoforged/api/distmarker/Dist
[Architectury Transformer DEBUG] net/fabricmc/api/Environment -> net/neoforged/api/distmarker/OnlyIn
[Architectury Transformer DEBUG] Found class transformer
[Architectury Transformer DEBUG] Writing org/cneko/justarod/client/gui/MedicalScanScreen with maxs=true frames=true
[Architectury Transformer DEBUG] Transformed org/cneko/justarod/client/gui/MedicalScanScreen in 1.311 ms
[Architectury Transformer DEBUG] Transforming from org/cneko/justarod/client/screen/FrictionScreen.class to org/cneko/justarod/client/screen/FrictionScreen.class with 6 transformer(s) on dev.architectury.transformer.handler.TinyRemapperPreparedTransformerHandler
[Architectury Transformer DEBUG] Remapping with 1 mapping provider(s):
[Architectury Transformer DEBUG]  - dev.architectury.transformer.transformers.TransformNeoForgeEnvironment$$Lambda/0x000076b00002fbf0@4a3631f8
[Architectury Transformer DEBUG] Remapping Classes:
[Architectury Transformer DEBUG] net/fabricmc/api/EnvType -> net/neoforged/api/distmarker/Dist
[Architectury Transformer DEBUG] net/fabricmc/api/Environment -> net/neoforged/api/distmarker/OnlyIn
[Architectury Transformer DEBUG] Found class transformer
[Architectury Transformer DEBUG] Writing org/cneko/justarod/client/screen/FrictionScreen with maxs=true frames=true
[Architectury Transformer DEBUG] Transformed org/cneko/justarod/client/screen/FrictionScreen in 1.650 ms
[Architectury Transformer DEBUG] Transforming from org/cneko/justarod/client/JRKeyBindings.class to org/cneko/justarod/client/JRKeyBindings.class with 6 transformer(s) on dev.architectury.transformer.handler.TinyRemapperPreparedTransformerHandler
[Architectury Transformer DEBUG] Remapping with 1 mapping provider(s):
[Architectury Transformer DEBUG]  - dev.architectury.transformer.transformers.TransformNeoForgeEnvironment$$Lambda/0x000076b00002fbf0@4a3631f8
[Architectury Transformer DEBUG] Remapping Classes:
[Architectury Transformer DEBUG] net/fabricmc/api/EnvType -> net/neoforged/api/distmarker/Dist
[Architectury Transformer DEBUG] net/fabricmc/api/Environment -> net/neoforged/api/distmarker/OnlyIn
[Architectury Transformer DEBUG] Found class transformer
[Architectury Transformer DEBUG] Writing org/cneko/justarod/client/JRKeyBindings with maxs=true frames=true
[Architectury Transformer DEBUG] Transformed org/cneko/justarod/client/JRKeyBindings in 1.286 ms
[Architectury Transformer DEBUG] Transforming from org/cneko/justarod/client/event/ClientTickEvent.class to org/cneko/justarod/client/event/ClientTickEvent.class with 6 transformer(s) on dev.architectury.transformer.handler.TinyRemapperPreparedTransformerHandler
[Architectury Transformer DEBUG] Remapping with 1 mapping provider(s):
[Architectury Transformer DEBUG]  - dev.architectury.transformer.transformers.TransformNeoForgeEnvironment$$Lambda/0x000076b00002fbf0@4a3631f8
[Architectury Transformer DEBUG] Remapping Classes:
[Architectury Transformer DEBUG] net/fabricmc/api/EnvType -> net/neoforged/api/distmarker/Dist
[Architectury Transformer DEBUG] net/fabricmc/api/Environment -> net/neoforged/api/distmarker/OnlyIn
[Architectury Transformer DEBUG] Found class transformer
[Architectury Transformer DEBUG] Writing org/cneko/justarod/client/event/ClientTickEvent with maxs=true frames=true
[Architectury Transformer DEBUG] Transformed org/cneko/justarod/client/event/ClientTickEvent in 1.271 ms
[Architectury Transformer DEBUG] Transforming from org/cneko/justarod/client/event/ClientTickEvent$Companion.class to org/cneko/justarod/client/event/ClientTickEvent$Companion.class with 6 transformer(s) on dev.architectury.transformer.handler.TinyRemapperPreparedTransformerHandler
[Architectury Transformer DEBUG] Remapping with 1 mapping provider(s):
[Architectury Transformer DEBUG]  - dev.architectury.transformer.transformers.TransformNeoForgeEnvironment$$Lambda/0x000076b00002fbf0@4a3631f8
[Architectury Transformer DEBUG] Remapping Classes:
[Architectury Transformer DEBUG] net/fabricmc/api/EnvType -> net/neoforged/api/distmarker/Dist
[Architectury Transformer DEBUG] net/fabricmc/api/Environment -> net/neoforged/api/distmarker/OnlyIn
[Architectury Transformer DEBUG] Found class transformer
[Architectury Transformer DEBUG] Writing org/cneko/justarod/client/event/ClientTickEvent$Companion with maxs=true frames=true
[Architectury Transformer DEBUG] Transformed org/cneko/justarod/client/event/ClientTickEvent$Companion in 2.052 ms
[Architectury Transformer DEBUG] Transforming from org/cneko/justarod/client/event/RealClientTickEvent.class to org/cneko/justarod/client/event/RealClientTickEvent.class with 6 transformer(s) on dev.architectury.transformer.handler.TinyRemapperPreparedTransformerHandler
[Architectury Transformer DEBUG] Remapping with 1 mapping provider(s):
[Architectury Transformer DEBUG]  - dev.architectury.transformer.transformers.TransformNeoForgeEnvironment$$Lambda/0x000076b00002fbf0@4a3631f8
[Architectury Transformer DEBUG] Remapping Classes:
[Architectury Transformer DEBUG] net/fabricmc/api/EnvType -> net/neoforged/api/distmarker/Dist
[Architectury Transformer DEBUG] net/fabricmc/api/Environment -> net/neoforged/api/distmarker/OnlyIn
[Architectury Transformer DEBUG] Found class transformer
[Architectury Transformer DEBUG] Writing org/cneko/justarod/client/event/RealClientTickEvent with maxs=true frames=true
[Architectury Transformer DEBUG] Transformed org/cneko/justarod/client/event/RealClientTickEvent in 1.306 ms
[Architectury Transformer DEBUG] Transforming from org/cneko/justarod/client/event/RealClientTickEvent$Companion.class to org/cneko/justarod/client/event/RealClientTickEvent$Companion.class with 6 transformer(s) on dev.architectury.transformer.handler.TinyRemapperPreparedTransformerHandler
[Architectury Transformer DEBUG] Remapping with 1 mapping provider(s):
[Architectury Transformer DEBUG]  - dev.architectury.transformer.transformers.TransformNeoForgeEnvironment$$Lambda/0x000076b00002fbf0@4a3631f8
[Architectury Transformer DEBUG] Remapping Classes:
[Architectury Transformer DEBUG] net/fabricmc/api/EnvType -> net/neoforged/api/distmarker/Dist
[Architectury Transformer DEBUG] net/fabricmc/api/Environment -> net/neoforged/api/distmarker/OnlyIn
[Architectury Transformer DEBUG] Found class transformer
[Architectury Transformer DEBUG] Writing org/cneko/justarod/client/event/RealClientTickEvent$Companion with maxs=true frames=true
[Architectury Transformer DEBUG] Transformed org/cneko/justarod/client/event/RealClientTickEvent$Companion in 1.253 ms
[Architectury Transformer DEBUG] Transforming from org/cneko/justarod/client/screen/JRScreenBuilders.class to org/cneko/justarod/client/screen/JRScreenBuilders.class with 6 transformer(s) on dev.architectury.transformer.handler.TinyRemapperPreparedTransformerHandler
[Architectury Transformer DEBUG] Remapping with 1 mapping provider(s):
[Architectury Transformer DEBUG]  - dev.architectury.transformer.transformers.TransformNeoForgeEnvironment$$Lambda/0x000076b00002fbf0@4a3631f8
[Architectury Transformer DEBUG] Remapping Classes:
[Architectury Transformer DEBUG] net/fabricmc/api/EnvType -> net/neoforged/api/distmarker/Dist
[Architectury Transformer DEBUG] net/fabricmc/api/Environment -> net/neoforged/api/distmarker/OnlyIn
[Architectury Transformer DEBUG] Found class transformer
[Architectury Transformer DEBUG] Writing org/cneko/justarod/client/screen/JRScreenBuilders with maxs=true frames=true
[Architectury Transformer DEBUG] Transformed org/cneko/justarod/client/screen/JRScreenBuilders in 1.254 ms
[Architectury Transformer DEBUG] Transforming from org/cneko/justarod/client/screen/JRScreenBuilders$JRButtonFactories.class to org/cneko/justarod/client/screen/JRScreenBuilders$JRButtonFactories.class with 6 transformer(s) on dev.architectury.transformer.handler.TinyRemapperPreparedTransformerHandler
[Architectury Transformer DEBUG] Remapping with 1 mapping provider(s):
[Architectury Transformer DEBUG]  - dev.architectury.transformer.transformers.TransformNeoForgeEnvironment$$Lambda/0x000076b00002fbf0@4a3631f8
[Architectury Transformer DEBUG] Remapping Classes:
[Architectury Transformer DEBUG] net/fabricmc/api/EnvType -> net/neoforged/api/distmarker/Dist
[Architectury Transformer DEBUG] net/fabricmc/api/Environment -> net/neoforged/api/distmarker/OnlyIn
[Architectury Transformer DEBUG] Found class transformer
[Architectury Transformer DEBUG] Writing org/cneko/justarod/client/screen/JRScreenBuilders$JRButtonFactories with maxs=true frames=true
[Architectury Transformer DEBUG] Transformed org/cneko/justarod/client/screen/JRScreenBuilders$JRButtonFactories in 1.447 ms
[Architectury Transformer DEBUG] Transforming from org/cneko/justarod/client/screen/MateScreen.class to org/cneko/justarod/client/screen/MateScreen.class with 6 transformer(s) on dev.architectury.transformer.handler.TinyRemapperPreparedTransformerHandler
[Architectury Transformer DEBUG] Remapping with 1 mapping provider(s):
[Architectury Transformer DEBUG]  - dev.architectury.transformer.transformers.TransformNeoForgeEnvironment$$Lambda/0x000076b00002fbf0@4a3631f8
[Architectury Transformer DEBUG] Remapping Classes:
[Architectury Transformer DEBUG] net/fabricmc/api/EnvType -> net/neoforged/api/distmarker/Dist
[Architectury Transformer DEBUG] net/fabricmc/api/Environment -> net/neoforged/api/distmarker/OnlyIn
[Architectury Transformer DEBUG] Found class transformer
[Architectury Transformer DEBUG] Writing org/cneko/justarod/client/screen/MateScreen with maxs=true frames=true
[Architectury Transformer DEBUG] Transformed org/cneko/justarod/client/screen/MateScreen in 1.518 ms
[Architectury Transformer DEBUG] Transforming from org/cneko/justarod/client/screen/JRScreenBuilders$JRTooltipFactories.class to org/cneko/justarod/client/screen/JRScreenBuilders$JRTooltipFactories.class with 6 transformer(s) on dev.architectury.transformer.handler.TinyRemapperPreparedTransformerHandler
[Architectury Transformer DEBUG] Remapping with 1 mapping provider(s):
[Architectury Transformer DEBUG]  - dev.architectury.transformer.transformers.TransformNeoForgeEnvironment$$Lambda/0x000076b00002fbf0@4a3631f8
[Architectury Transformer DEBUG] Remapping Classes:
[Architectury Transformer DEBUG] net/fabricmc/api/EnvType -> net/neoforged/api/distmarker/Dist
[Architectury Transformer DEBUG] net/fabricmc/api/Environment -> net/neoforged/api/distmarker/OnlyIn
[Architectury Transformer DEBUG] Found class transformer
[Architectury Transformer DEBUG] Writing org/cneko/justarod/client/screen/JRScreenBuilders$JRTooltipFactories with maxs=true frames=true
[Architectury Transformer DEBUG] Transformed org/cneko/justarod/client/screen/JRScreenBuilders$JRTooltipFactories in 1.303 ms
[Architectury Transformer DEBUG] Transforming from org/cneko/justarod/client/renderer/IcedTeaRenderer$RodModel.class to org/cneko/justarod/client/renderer/IcedTeaRenderer$RodModel.class with 6 transformer(s) on dev.architectury.transformer.handler.TinyRemapperPreparedTransformerHandler
[Architectury Transformer DEBUG] Remapping with 1 mapping provider(s):
[Architectury Transformer DEBUG]  - dev.architectury.transformer.transformers.TransformNeoForgeEnvironment$$Lambda/0x000076b00002fbf0@4a3631f8
[Architectury Transformer DEBUG] Remapping Classes:
[Architectury Transformer DEBUG] net/fabricmc/api/EnvType -> net/neoforged/api/distmarker/Dist
[Architectury Transformer DEBUG] net/fabricmc/api/Environment -> net/neoforged/api/distmarker/OnlyIn
[Architectury Transformer DEBUG] Found class transformer
[Architectury Transformer DEBUG] Writing org/cneko/justarod/client/renderer/IcedTeaRenderer$RodModel with maxs=true frames=true
[Architectury Transformer DEBUG] Transformed org/cneko/justarod/client/renderer/IcedTeaRenderer$RodModel in 2.359 ms
[Architectury Transformer DEBUG] Transforming from org/cneko/justarod/client/renderer/RodModel.class to org/cneko/justarod/client/renderer/RodModel.class with 6 transformer(s) on dev.architectury.transformer.handler.TinyRemapperPreparedTransformerHandler
[Architectury Transformer DEBUG] Remapping with 1 mapping provider(s):
[Architectury Transformer DEBUG]  - dev.architectury.transformer.transformers.TransformNeoForgeEnvironment$$Lambda/0x000076b00002fbf0@4a3631f8
[Architectury Transformer DEBUG] Remapping Classes:
[Architectury Transformer DEBUG] net/fabricmc/api/EnvType -> net/neoforged/api/distmarker/Dist
[Architectury Transformer DEBUG] net/fabricmc/api/Environment -> net/neoforged/api/distmarker/OnlyIn
[Architectury Transformer DEBUG] Found class transformer
[Architectury Transformer DEBUG] Writing org/cneko/justarod/client/renderer/RodModel with maxs=true frames=true
[Architectury Transformer DEBUG] Transformed org/cneko/justarod/client/renderer/RodModel in 1.734 ms
[Architectury Transformer DEBUG] Transforming from org/cneko/justarod/client/feature/RashFeatureRenderer.class to org/cneko/justarod/client/feature/RashFeatureRenderer.class with 6 transformer(s) on dev.architectury.transformer.handler.TinyRemapperPreparedTransformerHandler
[Architectury Transformer DEBUG] Remapping with 1 mapping provider(s):
[Architectury Transformer DEBUG]  - dev.architectury.transformer.transformers.TransformNeoForgeEnvironment$$Lambda/0x000076b00002fbf0@4a3631f8
[Architectury Transformer DEBUG] Remapping Classes:
[Architectury Transformer DEBUG] net/fabricmc/api/EnvType -> net/neoforged/api/distmarker/Dist
[Architectury Transformer DEBUG] net/fabricmc/api/Environment -> net/neoforged/api/distmarker/OnlyIn
[Architectury Transformer DEBUG] Found class transformer
[Architectury Transformer DEBUG] Writing org/cneko/justarod/client/feature/RashFeatureRenderer with maxs=true frames=true
[Architectury Transformer DEBUG] Transformed org/cneko/justarod/client/feature/RashFeatureRenderer in 1.942 ms
[Architectury Transformer DEBUG] Transforming from org/cneko/justarod/client/feature/BallMouthFeatureRenderer.class to org/cneko/justarod/client/feature/BallMouthFeatureRenderer.class with 6 transformer(s) on dev.architectury.transformer.handler.TinyRemapperPreparedTransformerHandler
[Architectury Transformer DEBUG] Remapping with 1 mapping provider(s):
[Architectury Transformer DEBUG]  - dev.architectury.transformer.transformers.TransformNeoForgeEnvironment$$Lambda/0x000076b00002fbf0@4a3631f8
[Architectury Transformer DEBUG] Remapping Classes:
[Architectury Transformer DEBUG] net/fabricmc/api/EnvType -> net/neoforged/api/distmarker/Dist
[Architectury Transformer DEBUG] net/fabricmc/api/Environment -> net/neoforged/api/distmarker/OnlyIn
[Architectury Transformer DEBUG] Found class transformer
[Architectury Transformer DEBUG] Writing org/cneko/justarod/client/feature/BallMouthFeatureRenderer with maxs=true frames=true
[Architectury Transformer DEBUG] Transformed org/cneko/justarod/client/feature/BallMouthFeatureRenderer in 1.363 ms
[Architectury Transformer DEBUG] Transforming from org/cneko/justarod/client/feature/ElectricShockFeatureRenderer.class to org/cneko/justarod/client/feature/ElectricShockFeatureRenderer.class with 6 transformer(s) on dev.architectury.transformer.handler.TinyRemapperPreparedTransformerHandler
[Architectury Transformer DEBUG] Remapping with 1 mapping provider(s):
[Architectury Transformer DEBUG]  - dev.architectury.transformer.transformers.TransformNeoForgeEnvironment$$Lambda/0x000076b00002fbf0@4a3631f8
[Architectury Transformer DEBUG] Remapping Classes:
[Architectury Transformer DEBUG] net/fabricmc/api/EnvType -> net/neoforged/api/distmarker/Dist
[Architectury Transformer DEBUG] net/fabricmc/api/Environment -> net/neoforged/api/distmarker/OnlyIn
[Architectury Transformer DEBUG] Found class transformer
[Architectury Transformer DEBUG] Writing org/cneko/justarod/client/feature/ElectricShockFeatureRenderer with maxs=true frames=true
[Architectury Transformer DEBUG] Transformed org/cneko/justarod/client/feature/ElectricShockFeatureRenderer in 1.667 ms
[Architectury Transformer DEBUG] Transforming from org/cneko/justarod/client/feature/BundledFeatureRenderer.class to org/cneko/justarod/client/feature/BundledFeatureRenderer.class with 6 transformer(s) on dev.architectury.transformer.handler.TinyRemapperPreparedTransformerHandler
[Architectury Transformer DEBUG] Remapping with 1 mapping provider(s):
[Architectury Transformer DEBUG]  - dev.architectury.transformer.transformers.TransformNeoForgeEnvironment$$Lambda/0x000076b00002fbf0@4a3631f8
[Architectury Transformer DEBUG] Remapping Classes:
[Architectury Transformer DEBUG] net/fabricmc/api/EnvType -> net/neoforged/api/distmarker/Dist
[Architectury Transformer DEBUG] net/fabricmc/api/Environment -> net/neoforged/api/distmarker/OnlyIn
[Architectury Transformer DEBUG] Found class transformer
[Architectury Transformer DEBUG] Writing org/cneko/justarod/client/feature/BundledFeatureRenderer with maxs=true frames=true
[Architectury Transformer DEBUG] Transformed org/cneko/justarod/client/feature/BundledFeatureRenderer in 1.447 ms
[Architectury Transformer DEBUG] Transforming from org/cneko/justarod/client/feature/EyePatchFeatureRenderer.class to org/cneko/justarod/client/feature/EyePatchFeatureRenderer.class with 6 transformer(s) on dev.architectury.transformer.handler.TinyRemapperPreparedTransformerHandler
[Architectury Transformer DEBUG] Remapping with 1 mapping provider(s):
[Architectury Transformer DEBUG]  - dev.architectury.transformer.transformers.TransformNeoForgeEnvironment$$Lambda/0x000076b00002fbf0@4a3631f8
[Architectury Transformer DEBUG] Remapping Classes:
[Architectury Transformer DEBUG] net/fabricmc/api/EnvType -> net/neoforged/api/distmarker/Dist
[Architectury Transformer DEBUG] net/fabricmc/api/Environment -> net/neoforged/api/distmarker/OnlyIn
[Architectury Transformer DEBUG] Found class transformer
[Architectury Transformer DEBUG] Writing org/cneko/justarod/client/feature/EyePatchFeatureRenderer with maxs=true frames=true
[Architectury Transformer DEBUG] Transformed org/cneko/justarod/client/feature/EyePatchFeatureRenderer in 1.352 ms
[Architectury Transformer DEBUG] Transforming from org/cneko/justarod/client/feature/EarplugFeatureRenderer.class to org/cneko/justarod/client/feature/EarplugFeatureRenderer.class with 6 transformer(s) on dev.architectury.transformer.handler.TinyRemapperPreparedTransformerHandler
[Architectury Transformer DEBUG] Remapping with 1 mapping provider(s):
[Architectury Transformer DEBUG]  - dev.architectury.transformer.transformers.TransformNeoForgeEnvironment$$Lambda/0x000076b00002fbf0@4a3631f8
[Architectury Transformer DEBUG] Remapping Classes:
[Architectury Transformer DEBUG] net/fabricmc/api/EnvType -> net/neoforged/api/distmarker/Dist
[Architectury Transformer DEBUG] net/fabricmc/api/Environment -> net/neoforged/api/distmarker/OnlyIn
[Architectury Transformer DEBUG] Found class transformer
[Architectury Transformer DEBUG] Writing org/cneko/justarod/client/feature/EarplugFeatureRenderer with maxs=true frames=true
[Architectury Transformer DEBUG] Transformed org/cneko/justarod/client/feature/EarplugFeatureRenderer in 1.366 ms
[Architectury Transformer DEBUG] Transforming from org/cneko/justarod/client/feature/HandcuffFeatureRenderer.class to org/cneko/justarod/client/feature/HandcuffFeatureRenderer.class with 6 transformer(s) on dev.architectury.transformer.handler.TinyRemapperPreparedTransformerHandler
[Architectury Transformer DEBUG] Remapping with 1 mapping provider(s):
[Architectury Transformer DEBUG]  - dev.architectury.transformer.transformers.TransformNeoForgeEnvironment$$Lambda/0x000076b00002fbf0@4a3631f8
[Architectury Transformer DEBUG] Remapping Classes:
[Architectury Transformer DEBUG] net/fabricmc/api/EnvType -> net/neoforged/api/distmarker/Dist
[Architectury Transformer DEBUG] net/fabricmc/api/Environment -> net/neoforged/api/distmarker/OnlyIn
[Architectury Transformer DEBUG] Found class transformer
[Architectury Transformer DEBUG] Writing org/cneko/justarod/client/feature/HandcuffFeatureRenderer with maxs=true frames=true
[Architectury Transformer DEBUG] Transformed org/cneko/justarod/client/feature/HandcuffFeatureRenderer in 1.315 ms
[Architectury Transformer DEBUG] Transforming from org/cneko/justarod/client/feature/ShacklesFeatureRenderer.class to org/cneko/justarod/client/feature/ShacklesFeatureRenderer.class with 6 transformer(s) on dev.architectury.transformer.handler.TinyRemapperPreparedTransformerHandler
[Architectury Transformer DEBUG] Remapping with 1 mapping provider(s):
[Architectury Transformer DEBUG]  - dev.architectury.transformer.transformers.TransformNeoForgeEnvironment$$Lambda/0x000076b00002fbf0@4a3631f8
[Architectury Transformer DEBUG] Remapping Classes:
[Architectury Transformer DEBUG] net/fabricmc/api/EnvType -> net/neoforged/api/distmarker/Dist
[Architectury Transformer DEBUG] net/fabricmc/api/Environment -> net/neoforged/api/distmarker/OnlyIn
[Architectury Transformer DEBUG] Found class transformer
[Architectury Transformer DEBUG] Writing org/cneko/justarod/client/feature/ShacklesFeatureRenderer with maxs=true frames=true
[Architectury Transformer DEBUG] Transformed org/cneko/justarod/client/feature/ShacklesFeatureRenderer in 1.321 ms
[Architectury Transformer DEBUG] Transforming from org/cneko/justarod/command/RodCommand.class to org/cneko/justarod/command/RodCommand.class with 6 transformer(s) on dev.architectury.transformer.handler.TinyRemapperPreparedTransformerHandler
[Architectury Transformer DEBUG] Remapping with 1 mapping provider(s):
[Architectury Transformer DEBUG]  - dev.architectury.transformer.transformers.TransformNeoForgeEnvironment$$Lambda/0x000076b00002fbf0@4a3631f8
[Architectury Transformer DEBUG] Remapping Classes:
[Architectury Transformer DEBUG] net/fabricmc/api/EnvType -> net/neoforged/api/distmarker/Dist
[Architectury Transformer DEBUG] net/fabricmc/api/Environment -> net/neoforged/api/distmarker/OnlyIn
[Architectury Transformer DEBUG] Found class transformer
[Architectury Transformer DEBUG] Writing org/cneko/justarod/command/RodCommand with maxs=true frames=true
[Architectury Transformer DEBUG] Transformed org/cneko/justarod/command/RodCommand in 2.320 ms
[Architectury Transformer DEBUG] Transforming from org/cneko/justarod/property/JRRegistry.class to org/cneko/justarod/property/JRRegistry.class with 6 transformer(s) on dev.architectury.transformer.handler.TinyRemapperPreparedTransformerHandler
[Architectury Transformer DEBUG] Remapping with 1 mapping provider(s):
[Architectury Transformer DEBUG]  - dev.architectury.transformer.transformers.TransformNeoForgeEnvironment$$Lambda/0x000076b00002fbf0@4a3631f8
[Architectury Transformer DEBUG] Remapping Classes:
[Architectury Transformer DEBUG] net/fabricmc/api/EnvType -> net/neoforged/api/distmarker/Dist
[Architectury Transformer DEBUG] net/fabricmc/api/Environment -> net/neoforged/api/distmarker/OnlyIn
[Architectury Transformer DEBUG] Found class transformer
[Architectury Transformer DEBUG] Writing org/cneko/justarod/property/JRRegistry with maxs=true frames=true
[Architectury Transformer DEBUG] Transformed org/cneko/justarod/property/JRRegistry in 3.402 ms
[Architectury Transformer DEBUG] Transforming from org/cneko/justarod/property/JRDoubleProperty.class to org/cneko/justarod/property/JRDoubleProperty.class with 6 transformer(s) on dev.architectury.transformer.handler.TinyRemapperPreparedTransformerHandler
[Architectury Transformer DEBUG] Remapping with 1 mapping provider(s):
[Architectury Transformer DEBUG]  - dev.architectury.transformer.transformers.TransformNeoForgeEnvironment$$Lambda/0x000076b00002fbf0@4a3631f8
[Architectury Transformer DEBUG] Remapping Classes:
[Architectury Transformer DEBUG] net/fabricmc/api/EnvType -> net/neoforged/api/distmarker/Dist
[Architectury Transformer DEBUG] net/fabricmc/api/Environment -> net/neoforged/api/distmarker/OnlyIn
[Architectury Transformer DEBUG] Found class transformer
[Architectury Transformer DEBUG] Writing org/cneko/justarod/property/JRDoubleProperty with maxs=true frames=true
[Architectury Transformer DEBUG] Transformed org/cneko/justarod/property/JRDoubleProperty in 1.946 ms
[Architectury Transformer DEBUG] Transforming from org/cneko/justarod/property/JRProperty.class to org/cneko/justarod/property/JRProperty.class with 6 transformer(s) on dev.architectury.transformer.handler.TinyRemapperPreparedTransformerHandler
[Architectury Transformer DEBUG] Remapping with 1 mapping provider(s):
[Architectury Transformer DEBUG]  - dev.architectury.transformer.transformers.TransformNeoForgeEnvironment$$Lambda/0x000076b00002fbf0@4a3631f8
[Architectury Transformer DEBUG] Remapping Classes:
[Architectury Transformer DEBUG] net/fabricmc/api/EnvType -> net/neoforged/api/distmarker/Dist
[Architectury Transformer DEBUG] net/fabricmc/api/Environment -> net/neoforged/api/distmarker/OnlyIn
[Architectury Transformer DEBUG] Found class transformer
[Architectury Transformer DEBUG] Writing org/cneko/justarod/property/JRProperty with maxs=true frames=true
[Architectury Transformer DEBUG] Transformed org/cneko/justarod/property/JRProperty in 1.915 ms
[Architectury Transformer DEBUG] Transforming from org/cneko/justarod/property/JRBoolProperty.class to org/cneko/justarod/property/JRBoolProperty.class with 6 transformer(s) on dev.architectury.transformer.handler.TinyRemapperPreparedTransformerHandler
[Architectury Transformer DEBUG] Remapping with 1 mapping provider(s):
[Architectury Transformer DEBUG]  - dev.architectury.transformer.transformers.TransformNeoForgeEnvironment$$Lambda/0x000076b00002fbf0@4a3631f8
[Architectury Transformer DEBUG] Remapping Classes:
[Architectury Transformer DEBUG] net/fabricmc/api/EnvType -> net/neoforged/api/distmarker/Dist
[Architectury Transformer DEBUG] net/fabricmc/api/Environment -> net/neoforged/api/distmarker/OnlyIn
[Architectury Transformer DEBUG] Found class transformer
[Architectury Transformer DEBUG] Writing org/cneko/justarod/property/JRBoolProperty with maxs=true frames=true
[Architectury Transformer DEBUG] Transformed org/cneko/justarod/property/JRBoolProperty in 1.715 ms
[Architectury Transformer DEBUG] Transforming from org/cneko/justarod/property/JRTimeProperty.class to org/cneko/justarod/property/JRTimeProperty.class with 6 transformer(s) on dev.architectury.transformer.handler.TinyRemapperPreparedTransformerHandler
[Architectury Transformer DEBUG] Remapping with 1 mapping provider(s):
[Architectury Transformer DEBUG]  - dev.architectury.transformer.transformers.TransformNeoForgeEnvironment$$Lambda/0x000076b00002fbf0@4a3631f8
[Architectury Transformer DEBUG] Remapping Classes:
[Architectury Transformer DEBUG] net/fabricmc/api/EnvType -> net/neoforged/api/distmarker/Dist
[Architectury Transformer DEBUG] net/fabricmc/api/Environment -> net/neoforged/api/distmarker/OnlyIn
[Architectury Transformer DEBUG] Found class transformer
[Architectury Transformer DEBUG] Writing org/cneko/justarod/property/JRTimeProperty with maxs=true frames=true
[Architectury Transformer DEBUG] Transformed org/cneko/justarod/property/JRTimeProperty in 1.472 ms
[Architectury Transformer DEBUG] Transforming from org/cneko/justarod/property/JRIntProperty.class to org/cneko/justarod/property/JRIntProperty.class with 6 transformer(s) on dev.architectury.transformer.handler.TinyRemapperPreparedTransformerHandler
[Architectury Transformer DEBUG] Remapping with 1 mapping provider(s):
[Architectury Transformer DEBUG]  - dev.architectury.transformer.transformers.TransformNeoForgeEnvironment$$Lambda/0x000076b00002fbf0@4a3631f8
[Architectury Transformer DEBUG] Remapping Classes:
[Architectury Transformer DEBUG] net/fabricmc/api/EnvType -> net/neoforged/api/distmarker/Dist
[Architectury Transformer DEBUG] net/fabricmc/api/Environment -> net/neoforged/api/distmarker/OnlyIn
[Architectury Transformer DEBUG] Found class transformer
[Architectury Transformer DEBUG] Writing org/cneko/justarod/property/JRIntProperty with maxs=true frames=true
[Architectury Transformer DEBUG] Transformed org/cneko/justarod/property/JRIntProperty in 1.612 ms
[Architectury Transformer DEBUG] Transforming from org/cneko/justarod/property/JREntityTypeProperty.class to org/cneko/justarod/property/JREntityTypeProperty.class with 6 transformer(s) on dev.architectury.transformer.handler.TinyRemapperPreparedTransformerHandler
[Architectury Transformer DEBUG] Remapping with 1 mapping provider(s):
[Architectury Transformer DEBUG]  - dev.architectury.transformer.transformers.TransformNeoForgeEnvironment$$Lambda/0x000076b00002fbf0@4a3631f8
[Architectury Transformer DEBUG] Remapping Classes:
[Architectury Transformer DEBUG] net/fabricmc/api/EnvType -> net/neoforged/api/distmarker/Dist
[Architectury Transformer DEBUG] net/fabricmc/api/Environment -> net/neoforged/api/distmarker/OnlyIn
[Architectury Transformer DEBUG] Found class transformer
[Architectury Transformer DEBUG] Writing org/cneko/justarod/property/JREntityTypeProperty with maxs=true frames=true
[Architectury Transformer DEBUG] Transformed org/cneko/justarod/property/JREntityTypeProperty in 1.596 ms
[Architectury Transformer DEBUG] Transforming from org/cneko/justarod/command/PregnantCommand$Companion$CommandHelp.class to org/cneko/justarod/command/PregnantCommand$Companion$CommandHelp.class with 6 transformer(s) on dev.architectury.transformer.handler.TinyRemapperPreparedTransformerHandler
[Architectury Transformer DEBUG] Remapping with 1 mapping provider(s):
[Architectury Transformer DEBUG]  - dev.architectury.transformer.transformers.TransformNeoForgeEnvironment$$Lambda/0x000076b00002fbf0@4a3631f8
[Architectury Transformer DEBUG] Remapping Classes:
[Architectury Transformer DEBUG] net/fabricmc/api/EnvType -> net/neoforged/api/distmarker/Dist
[Architectury Transformer DEBUG] net/fabricmc/api/Environment -> net/neoforged/api/distmarker/OnlyIn
[Architectury Transformer DEBUG] Found class transformer
[Architectury Transformer DEBUG] Writing org/cneko/justarod/command/PregnantCommand$Companion$CommandHelp with maxs=true frames=true
[Architectury Transformer DEBUG] Transformed org/cneko/justarod/command/PregnantCommand$Companion$CommandHelp in 2.015 ms
[Architectury Transformer DEBUG] Transforming from org/cneko/justarod/command/PregnantCommand$Companion$registerSex$1.class to org/cneko/justarod/command/PregnantCommand$Companion$registerSex$1.class with 6 transformer(s) on dev.architectury.transformer.handler.TinyRemapperPreparedTransformerHandler
[Architectury Transformer DEBUG] Remapping with 1 mapping provider(s):
[Architectury Transformer DEBUG]  - dev.architectury.transformer.transformers.TransformNeoForgeEnvironment$$Lambda/0x000076b00002fbf0@4a3631f8
[Architectury Transformer DEBUG] Remapping Classes:
[Architectury Transformer DEBUG] net/fabricmc/api/EnvType -> net/neoforged/api/distmarker/Dist
[Architectury Transformer DEBUG] net/fabricmc/api/Environment -> net/neoforged/api/distmarker/OnlyIn
[Architectury Transformer DEBUG] Found class transformer
[Architectury Transformer DEBUG] Writing org/cneko/justarod/command/PregnantCommand$Companion$registerSex$1 with maxs=true frames=true
[Architectury Transformer DEBUG] Transformed org/cneko/justarod/command/PregnantCommand$Companion$registerSex$1 in 1.494 ms
[Architectury Transformer DEBUG] Transforming from org/cneko/justarod/command/PregnantCommand$Companion$registerSex$3.class to org/cneko/justarod/command/PregnantCommand$Companion$registerSex$3.class with 6 transformer(s) on dev.architectury.transformer.handler.TinyRemapperPreparedTransformerHandler
[Architectury Transformer DEBUG] Remapping with 1 mapping provider(s):
[Architectury Transformer DEBUG]  - dev.architectury.transformer.transformers.TransformNeoForgeEnvironment$$Lambda/0x000076b00002fbf0@4a3631f8
[Architectury Transformer DEBUG] Remapping Classes:
[Architectury Transformer DEBUG] net/fabricmc/api/EnvType -> net/neoforged/api/distmarker/Dist
[Architectury Transformer DEBUG] net/fabricmc/api/Environment -> net/neoforged/api/distmarker/OnlyIn
[Architectury Transformer DEBUG] Found class transformer
[Architectury Transformer DEBUG] Writing org/cneko/justarod/command/PregnantCommand$Companion$registerSex$3 with maxs=true frames=true
[Architectury Transformer DEBUG] Transformed org/cneko/justarod/command/PregnantCommand$Companion$registerSex$3 in 1.452 ms
[Architectury Transformer DEBUG] Transforming from org/cneko/justarod/command/PregnantCommand$Companion$registerPregnant$2.class to org/cneko/justarod/command/PregnantCommand$Companion$registerPregnant$2.class with 6 transformer(s) on dev.architectury.transformer.handler.TinyRemapperPreparedTransformerHandler
[Architectury Transformer DEBUG] Remapping with 1 mapping provider(s):
[Architectury Transformer DEBUG]  - dev.architectury.transformer.transformers.TransformNeoForgeEnvironment$$Lambda/0x000076b00002fbf0@4a3631f8
[Architectury Transformer DEBUG] Remapping Classes:
[Architectury Transformer DEBUG] net/fabricmc/api/EnvType -> net/neoforged/api/distmarker/Dist
[Architectury Transformer DEBUG] net/fabricmc/api/Environment -> net/neoforged/api/distmarker/OnlyIn
[Architectury Transformer DEBUG] Found class transformer
[Architectury Transformer DEBUG] Writing org/cneko/justarod/command/PregnantCommand$Companion$registerPregnant$2 with maxs=true frames=true
[Architectury Transformer DEBUG] Transformed org/cneko/justarod/command/PregnantCommand$Companion$registerPregnant$2 in 1.379 ms
[Architectury Transformer DEBUG] Transforming from org/cneko/justarod/command/PregnantCommand$Companion$registerPregnant$7.class to org/cneko/justarod/command/PregnantCommand$Companion$registerPregnant$7.class with 6 transformer(s) on dev.architectury.transformer.handler.TinyRemapperPreparedTransformerHandler
[Architectury Transformer DEBUG] Remapping with 1 mapping provider(s):
[Architectury Transformer DEBUG]  - dev.architectury.transformer.transformers.TransformNeoForgeEnvironment$$Lambda/0x000076b00002fbf0@4a3631f8
[Architectury Transformer DEBUG] Remapping Classes:
[Architectury Transformer DEBUG] net/fabricmc/api/EnvType -> net/neoforged/api/distmarker/Dist
[Architectury Transformer DEBUG] net/fabricmc/api/Environment -> net/neoforged/api/distmarker/OnlyIn
[Architectury Transformer DEBUG] Found class transformer
[Architectury Transformer DEBUG] Writing org/cneko/justarod/command/PregnantCommand$Companion$registerPregnant$7 with maxs=true frames=true
[Architectury Transformer DEBUG] Transformed org/cneko/justarod/command/PregnantCommand$Companion$registerPregnant$7 in 1.431 ms
[Architectury Transformer DEBUG] Transforming from org/cneko/justarod/command/PregnantCommand$Companion$registerMenstruation$2.class to org/cneko/justarod/command/PregnantCommand$Companion$registerMenstruation$2.class with 6 transformer(s) on dev.architectury.transformer.handler.TinyRemapperPreparedTransformerHandler
[Architectury Transformer DEBUG] Remapping with 1 mapping provider(s):
[Architectury Transformer DEBUG]  - dev.architectury.transformer.transformers.TransformNeoForgeEnvironment$$Lambda/0x000076b00002fbf0@4a3631f8
[Architectury Transformer DEBUG] Remapping Classes:
[Architectury Transformer DEBUG] net/fabricmc/api/EnvType -> net/neoforged/api/distmarker/Dist
[Architectury Transformer DEBUG] net/fabricmc/api/Environment -> net/neoforged/api/distmarker/OnlyIn
[Architectury Transformer DEBUG] Found class transformer
[Architectury Transformer DEBUG] Writing org/cneko/justarod/command/PregnantCommand$Companion$registerMenstruation$2 with maxs=true frames=true
[Architectury Transformer DEBUG] Transformed org/cneko/justarod/command/PregnantCommand$Companion$registerMenstruation$2 in 1.322 ms
[Architectury Transformer DEBUG] Transforming from org/cneko/justarod/command/PregnantCommand$Companion$registerMenstruation$4.class to org/cneko/justarod/command/PregnantCommand$Companion$registerMenstruation$4.class with 6 transformer(s) on dev.architectury.transformer.handler.TinyRemapperPreparedTransformerHandler
[Architectury Transformer DEBUG] Remapping with 1 mapping provider(s):
[Architectury Transformer DEBUG]  - dev.architectury.transformer.transformers.TransformNeoForgeEnvironment$$Lambda/0x000076b00002fbf0@4a3631f8
[Architectury Transformer DEBUG] Remapping Classes:
[Architectury Transformer DEBUG] net/fabricmc/api/EnvType -> net/neoforged/api/distmarker/Dist
[Architectury Transformer DEBUG] net/fabricmc/api/Environment -> net/neoforged/api/distmarker/OnlyIn
[Architectury Transformer DEBUG] Found class transformer
[Architectury Transformer DEBUG] Writing org/cneko/justarod/command/PregnantCommand$Companion$registerMenstruation$4 with maxs=true frames=true
[Architectury Transformer DEBUG] Transformed org/cneko/justarod/command/PregnantCommand$Companion$registerMenstruation$4 in 1.296 ms
[Architectury Transformer DEBUG] Transforming from org/cneko/justarod/command/PregnantCommand$Companion$registerExcretion$3.class to org/cneko/justarod/command/PregnantCommand$Companion$registerExcretion$3.class with 6 transformer(s) on dev.architectury.transformer.handler.TinyRemapperPreparedTransformerHandler
[Architectury Transformer DEBUG] Remapping with 1 mapping provider(s):
[Architectury Transformer DEBUG]  - dev.architectury.transformer.transformers.TransformNeoForgeEnvironment$$Lambda/0x000076b00002fbf0@4a3631f8
[Architectury Transformer DEBUG] Remapping Classes:
[Architectury Transformer DEBUG] net/fabricmc/api/EnvType -> net/neoforged/api/distmarker/Dist
[Architectury Transformer DEBUG] net/fabricmc/api/Environment -> net/neoforged/api/distmarker/OnlyIn
[Architectury Transformer DEBUG] Found class transformer
[Architectury Transformer DEBUG] Writing org/cneko/justarod/command/PregnantCommand$Companion$registerExcretion$3 with maxs=true frames=true
[Architectury Transformer DEBUG] Transformed org/cneko/justarod/command/PregnantCommand$Companion$registerExcretion$3 in 1.277 ms
[Architectury Transformer DEBUG] Transforming from org/cneko/justarod/command/PregnantCommand$Companion$registerUrination$3.class to org/cneko/justarod/command/PregnantCommand$Companion$registerUrination$3.class with 6 transformer(s) on dev.architectury.transformer.handler.TinyRemapperPreparedTransformerHandler
[Architectury Transformer DEBUG] Remapping with 1 mapping provider(s):
[Architectury Transformer DEBUG]  - dev.architectury.transformer.transformers.TransformNeoForgeEnvironment$$Lambda/0x000076b00002fbf0@4a3631f8
[Architectury Transformer DEBUG] Remapping Classes:
[Architectury Transformer DEBUG] net/fabricmc/api/EnvType -> net/neoforged/api/distmarker/Dist
[Architectury Transformer DEBUG] net/fabricmc/api/Environment -> net/neoforged/api/distmarker/OnlyIn
[Architectury Transformer DEBUG] Found class transformer
[Architectury Transformer DEBUG] Writing org/cneko/justarod/command/PregnantCommand$Companion$registerUrination$3 with maxs=true frames=true
[Architectury Transformer DEBUG] Transformed org/cneko/justarod/command/PregnantCommand$Companion$registerUrination$3 in 1.276 ms
[Architectury Transformer DEBUG] Transforming from org/cneko/justarod/command/PregnantCommand$Companion$registerUrination$5.class to org/cneko/justarod/command/PregnantCommand$Companion$registerUrination$5.class with 6 transformer(s) on dev.architectury.transformer.handler.TinyRemapperPreparedTransformerHandler
[Architectury Transformer DEBUG] Remapping with 1 mapping provider(s):
[Architectury Transformer DEBUG]  - dev.architectury.transformer.transformers.TransformNeoForgeEnvironment$$Lambda/0x000076b00002fbf0@4a3631f8
[Architectury Transformer DEBUG] Remapping Classes:
[Architectury Transformer DEBUG] net/fabricmc/api/EnvType -> net/neoforged/api/distmarker/Dist
[Architectury Transformer DEBUG] net/fabricmc/api/Environment -> net/neoforged/api/distmarker/OnlyIn
[Architectury Transformer DEBUG] Found class transformer
[Architectury Transformer DEBUG] Writing org/cneko/justarod/command/PregnantCommand$Companion$registerUrination$5 with maxs=true frames=true
[Architectury Transformer DEBUG] Transformed org/cneko/justarod/command/PregnantCommand$Companion$registerUrination$5 in 1.252 ms
[Architectury Transformer DEBUG] Transforming from org/cneko/justarod/command/PregnantCommand$Companion$registerProtogyny$2.class to org/cneko/justarod/command/PregnantCommand$Companion$registerProtogyny$2.class with 6 transformer(s) on dev.architectury.transformer.handler.TinyRemapperPreparedTransformerHandler
[Architectury Transformer DEBUG] Remapping with 1 mapping provider(s):
[Architectury Transformer DEBUG]  - dev.architectury.transformer.transformers.TransformNeoForgeEnvironment$$Lambda/0x000076b00002fbf0@4a3631f8
[Architectury Transformer DEBUG] Remapping Classes:
[Architectury Transformer DEBUG] net/fabricmc/api/EnvType -> net/neoforged/api/distmarker/Dist
[Architectury Transformer DEBUG] net/fabricmc/api/Environment -> net/neoforged/api/distmarker/OnlyIn
[Architectury Transformer DEBUG] Found class transformer
[Architectury Transformer DEBUG] Writing org/cneko/justarod/command/PregnantCommand$Companion$registerProtogyny$2 with maxs=true frames=true
[Architectury Transformer DEBUG] Transformed org/cneko/justarod/command/PregnantCommand$Companion$registerProtogyny$2 in 1.216 ms
[Architectury Transformer DEBUG] Transforming from org/cneko/justarod/command/PregnantCommand$Companion$registerProtogyny$5.class to org/cneko/justarod/command/PregnantCommand$Companion$registerProtogyny$5.class with 6 transformer(s) on dev.architectury.transformer.handler.TinyRemapperPreparedTransformerHandler
[Architectury Transformer DEBUG] Remapping with 1 mapping provider(s):
[Architectury Transformer DEBUG]  - dev.architectury.transformer.transformers.TransformNeoForgeEnvironment$$Lambda/0x000076b00002fbf0@4a3631f8
[Architectury Transformer DEBUG] Remapping Classes:
[Architectury Transformer DEBUG] net/fabricmc/api/EnvType -> net/neoforged/api/distmarker/Dist
[Architectury Transformer DEBUG] net/fabricmc/api/Environment -> net/neoforged/api/distmarker/OnlyIn
[Architectury Transformer DEBUG] Found class transformer
[Architectury Transformer DEBUG] Writing org/cneko/justarod/command/PregnantCommand$Companion$registerProtogyny$5 with maxs=true frames=true
[Architectury Transformer DEBUG] Transformed org/cneko/justarod/command/PregnantCommand$Companion$registerProtogyny$5 in 1.199 ms
[Architectury Transformer DEBUG] Transforming from org/cneko/justarod/command/PregnantCommand$Companion$registerProtogyny$8.class to org/cneko/justarod/command/PregnantCommand$Companion$registerProtogyny$8.class with 6 transformer(s) on dev.architectury.transformer.handler.TinyRemapperPreparedTransformerHandler
[Architectury Transformer DEBUG] Remapping with 1 mapping provider(s):
[Architectury Transformer DEBUG]  - dev.architectury.transformer.transformers.TransformNeoForgeEnvironment$$Lambda/0x000076b00002fbf0@4a3631f8
[Architectury Transformer DEBUG] Remapping Classes:
[Architectury Transformer DEBUG] net/fabricmc/api/EnvType -> net/neoforged/api/distmarker/Dist
[Architectury Transformer DEBUG] net/fabricmc/api/Environment -> net/neoforged/api/distmarker/OnlyIn
[Architectury Transformer DEBUG] Found class transformer
[Architectury Transformer DEBUG] Writing org/cneko/justarod/command/PregnantCommand$Companion$registerProtogyny$8 with maxs=true frames=true
[Architectury Transformer DEBUG] Transformed org/cneko/justarod/command/PregnantCommand$Companion$registerProtogyny$8 in 1.184 ms
[Architectury Transformer DEBUG] Transforming from org/cneko/justarod/command/PregnantCommand$Companion$registerHormones$2.class to org/cneko/justarod/command/PregnantCommand$Companion$registerHormones$2.class with 6 transformer(s) on dev.architectury.transformer.handler.TinyRemapperPreparedTransformerHandler
[Architectury Transformer DEBUG] Remapping with 1 mapping provider(s):
[Architectury Transformer DEBUG]  - dev.architectury.transformer.transformers.TransformNeoForgeEnvironment$$Lambda/0x000076b00002fbf0@4a3631f8
[Architectury Transformer DEBUG] Remapping Classes:
[Architectury Transformer DEBUG] net/fabricmc/api/EnvType -> net/neoforged/api/distmarker/Dist
[Architectury Transformer DEBUG] net/fabricmc/api/Environment -> net/neoforged/api/distmarker/OnlyIn
[Architectury Transformer DEBUG] Found class transformer
[Architectury Transformer DEBUG] Writing org/cneko/justarod/command/PregnantCommand$Companion$registerHormones$2 with maxs=true frames=true
[Architectury Transformer DEBUG] Transformed org/cneko/justarod/command/PregnantCommand$Companion$registerHormones$2 in 1.458 ms
[Architectury Transformer DEBUG] Transforming from org/cneko/justarod/command/PregnantCommand$Companion$registerHormones$4.class to org/cneko/justarod/command/PregnantCommand$Companion$registerHormones$4.class with 6 transformer(s) on dev.architectury.transformer.handler.TinyRemapperPreparedTransformerHandler
[Architectury Transformer DEBUG] Remapping with 1 mapping provider(s):
[Architectury Transformer DEBUG]  - dev.architectury.transformer.transformers.TransformNeoForgeEnvironment$$Lambda/0x000076b00002fbf0@4a3631f8
[Architectury Transformer DEBUG] Remapping Classes:
[Architectury Transformer DEBUG] net/fabricmc/api/EnvType -> net/neoforged/api/distmarker/Dist
[Architectury Transformer DEBUG] net/fabricmc/api/Environment -> net/neoforged/api/distmarker/OnlyIn
[Architectury Transformer DEBUG] Found class transformer
[Architectury Transformer DEBUG] Writing org/cneko/justarod/command/PregnantCommand$Companion$registerHormones$4 with maxs=true frames=true
[Architectury Transformer DEBUG] Transformed org/cneko/justarod/command/PregnantCommand$Companion$registerHormones$4 in 1.239 ms
[Architectury Transformer DEBUG] Transforming from org/cneko/justarod/command/PregnantCommand$Companion$registerHormones$6.class to org/cneko/justarod/command/PregnantCommand$Companion$registerHormones$6.class with 6 transformer(s) on dev.architectury.transformer.handler.TinyRemapperPreparedTransformerHandler
[Architectury Transformer DEBUG] Remapping with 1 mapping provider(s):
[Architectury Transformer DEBUG]  - dev.architectury.transformer.transformers.TransformNeoForgeEnvironment$$Lambda/0x000076b00002fbf0@4a3631f8
[Architectury Transformer DEBUG] Remapping Classes:
[Architectury Transformer DEBUG] net/fabricmc/api/EnvType -> net/neoforged/api/distmarker/Dist
[Architectury Transformer DEBUG] net/fabricmc/api/Environment -> net/neoforged/api/distmarker/OnlyIn
[Architectury Transformer DEBUG] Found class transformer
[Architectury Transformer DEBUG] Writing org/cneko/justarod/command/PregnantCommand$Companion$registerHormones$6 with maxs=true frames=true
[Architectury Transformer DEBUG] Transformed org/cneko/justarod/command/PregnantCommand$Companion$registerHormones$6 in 1.217 ms
[Architectury Transformer DEBUG] Transforming from org/cneko/justarod/command/PregnantCommand$Companion$registerHormones$8.class to org/cneko/justarod/command/PregnantCommand$Companion$registerHormones$8.class with 6 transformer(s) on dev.architectury.transformer.handler.TinyRemapperPreparedTransformerHandler
[Architectury Transformer DEBUG] Remapping with 1 mapping provider(s):
[Architectury Transformer DEBUG]  - dev.architectury.transformer.transformers.TransformNeoForgeEnvironment$$Lambda/0x000076b00002fbf0@4a3631f8
[Architectury Transformer DEBUG] Remapping Classes:
[Architectury Transformer DEBUG] net/fabricmc/api/EnvType -> net/neoforged/api/distmarker/Dist
[Architectury Transformer DEBUG] net/fabricmc/api/Environment -> net/neoforged/api/distmarker/OnlyIn
[Architectury Transformer DEBUG] Found class transformer
[Architectury Transformer DEBUG] Writing org/cneko/justarod/command/PregnantCommand$Companion$registerHormones$8 with maxs=true frames=true
[Architectury Transformer DEBUG] Transformed org/cneko/justarod/command/PregnantCommand$Companion$registerHormones$8 in 1.211 ms
[Architectury Transformer DEBUG] Transforming from org/cneko/justarod/command/PregnantCommand$Companion$registerHormones$10.class to org/cneko/justarod/command/PregnantCommand$Companion$registerHormones$10.class with 6 transformer(s) on dev.architectury.transformer.handler.TinyRemapperPreparedTransformerHandler
[Architectury Transformer DEBUG] Remapping with 1 mapping provider(s):
[Architectury Transformer DEBUG]  - dev.architectury.transformer.transformers.TransformNeoForgeEnvironment$$Lambda/0x000076b00002fbf0@4a3631f8
[Architectury Transformer DEBUG] Remapping Classes:
[Architectury Transformer DEBUG] net/fabricmc/api/EnvType -> net/neoforged/api/distmarker/Dist
[Architectury Transformer DEBUG] net/fabricmc/api/Environment -> net/neoforged/api/distmarker/OnlyIn
[Architectury Transformer DEBUG] Found class transformer
[Architectury Transformer DEBUG] Writing org/cneko/justarod/command/PregnantCommand$Companion$registerHormones$10 with maxs=true frames=true
[Architectury Transformer DEBUG] Transformed org/cneko/justarod/command/PregnantCommand$Companion$registerHormones$10 in 1.235 ms
[Architectury Transformer DEBUG] Transforming from org/cneko/justarod/command/PregnantCommand$Companion$registerHormones$12.class to org/cneko/justarod/command/PregnantCommand$Companion$registerHormones$12.class with 6 transformer(s) on dev.architectury.transformer.handler.TinyRemapperPreparedTransformerHandler
[Architectury Transformer DEBUG] Remapping with 1 mapping provider(s):
[Architectury Transformer DEBUG]  - dev.architectury.transformer.transformers.TransformNeoForgeEnvironment$$Lambda/0x000076b00002fbf0@4a3631f8
[Architectury Transformer DEBUG] Remapping Classes:
[Architectury Transformer DEBUG] net/fabricmc/api/EnvType -> net/neoforged/api/distmarker/Dist
[Architectury Transformer DEBUG] net/fabricmc/api/Environment -> net/neoforged/api/distmarker/OnlyIn
[Architectury Transformer DEBUG] Found class transformer
[Architectury Transformer DEBUG] Writing org/cneko/justarod/command/PregnantCommand$Companion$registerHormones$12 with maxs=true frames=true
[Architectury Transformer DEBUG] Transformed org/cneko/justarod/command/PregnantCommand$Companion$registerHormones$12 in 1.292 ms
[Architectury Transformer DEBUG] Transforming from org/cneko/justarod/command/PregnantCommand$Companion$registerHormones$14.class to org/cneko/justarod/command/PregnantCommand$Companion$registerHormones$14.class with 6 transformer(s) on dev.architectury.transformer.handler.TinyRemapperPreparedTransformerHandler
[Architectury Transformer DEBUG] Remapping with 1 mapping provider(s):
[Architectury Transformer DEBUG]  - dev.architectury.transformer.transformers.TransformNeoForgeEnvironment$$Lambda/0x000076b00002fbf0@4a3631f8
[Architectury Transformer DEBUG] Remapping Classes:
[Architectury Transformer DEBUG] net/fabricmc/api/EnvType -> net/neoforged/api/distmarker/Dist
[Architectury Transformer DEBUG] net/fabricmc/api/Environment -> net/neoforged/api/distmarker/OnlyIn
[Architectury Transformer DEBUG] Found class transformer
[Architectury Transformer DEBUG] Writing org/cneko/justarod/command/PregnantCommand$Companion$registerHormones$14 with maxs=true frames=true
[Architectury Transformer DEBUG] Transformed org/cneko/justarod/command/PregnantCommand$Companion$registerHormones$14 in 1.249 ms
[Architectury Transformer DEBUG] Transforming from org/cneko/justarod/command/PregnantCommand$Companion$registerCorpusLuteumRupture$2.class to org/cneko/justarod/command/PregnantCommand$Companion$registerCorpusLuteumRupture$2.class with 6 transformer(s) on dev.architectury.transformer.handler.TinyRemapperPreparedTransformerHandler
[Architectury Transformer DEBUG] Remapping with 1 mapping provider(s):
[Architectury Transformer DEBUG]  - dev.architectury.transformer.transformers.TransformNeoForgeEnvironment$$Lambda/0x000076b00002fbf0@4a3631f8
[Architectury Transformer DEBUG] Remapping Classes:
[Architectury Transformer DEBUG] net/fabricmc/api/EnvType -> net/neoforged/api/distmarker/Dist
[Architectury Transformer DEBUG] net/fabricmc/api/Environment -> net/neoforged/api/distmarker/OnlyIn
[Architectury Transformer DEBUG] Found class transformer
[Architectury Transformer DEBUG] Writing org/cneko/justarod/command/PregnantCommand$Companion$registerCorpusLuteumRupture$2 with maxs=true frames=true
[Architectury Transformer DEBUG] Transformed org/cneko/justarod/command/PregnantCommand$Companion$registerCorpusLuteumRupture$2 in 1.203 ms
[Architectury Transformer DEBUG] Transforming from org/cneko/justarod/command/PregnantCommand$Companion$registerCorpusLuteumRupture$4.class to org/cneko/justarod/command/PregnantCommand$Companion$registerCorpusLuteumRupture$4.class with 6 transformer(s) on dev.architectury.transformer.handler.TinyRemapperPreparedTransformerHandler
[Architectury Transformer DEBUG] Remapping with 1 mapping provider(s):
[Architectury Transformer DEBUG]  - dev.architectury.transformer.transformers.TransformNeoForgeEnvironment$$Lambda/0x000076b00002fbf0@4a3631f8
[Architectury Transformer DEBUG] Remapping Classes:
[Architectury Transformer DEBUG] net/fabricmc/api/EnvType -> net/neoforged/api/distmarker/Dist
[Architectury Transformer DEBUG] net/fabricmc/api/Environment -> net/neoforged/api/distmarker/OnlyIn
[Architectury Transformer DEBUG] Found class transformer
[Architectury Transformer DEBUG] Writing org/cneko/justarod/command/PregnantCommand$Companion$registerCorpusLuteumRupture$4 with maxs=true frames=true
[Architectury Transformer DEBUG] Transformed org/cneko/justarod/command/PregnantCommand$Companion$registerCorpusLuteumRupture$4 in 1.242 ms
[Architectury Transformer DEBUG] Transforming from org/cneko/justarod/command/PregnantCommand$Companion$registerLactation$2.class to org/cneko/justarod/command/PregnantCommand$Companion$registerLactation$2.class with 6 transformer(s) on dev.architectury.transformer.handler.TinyRemapperPreparedTransformerHandler
[Architectury Transformer DEBUG] Remapping with 1 mapping provider(s):
[Architectury Transformer DEBUG]  - dev.architectury.transformer.transformers.TransformNeoForgeEnvironment$$Lambda/0x000076b00002fbf0@4a3631f8
[Architectury Transformer DEBUG] Remapping Classes:
[Architectury Transformer DEBUG] net/fabricmc/api/EnvType -> net/neoforged/api/distmarker/Dist
[Architectury Transformer DEBUG] net/fabricmc/api/Environment -> net/neoforged/api/distmarker/OnlyIn
[Architectury Transformer DEBUG] Found class transformer
[Architectury Transformer DEBUG] Writing org/cneko/justarod/command/PregnantCommand$Companion$registerLactation$2 with maxs=true frames=true
[Architectury Transformer DEBUG] Transformed org/cneko/justarod/command/PregnantCommand$Companion$registerLactation$2 in 1.356 ms
[Architectury Transformer DEBUG] Transforming from org/cneko/justarod/command/PregnantCommand$Companion$registerLactation$4.class to org/cneko/justarod/command/PregnantCommand$Companion$registerLactation$4.class with 6 transformer(s) on dev.architectury.transformer.handler.TinyRemapperPreparedTransformerHandler
[Architectury Transformer DEBUG] Remapping with 1 mapping provider(s):
[Architectury Transformer DEBUG]  - dev.architectury.transformer.transformers.TransformNeoForgeEnvironment$$Lambda/0x000076b00002fbf0@4a3631f8
[Architectury Transformer DEBUG] Remapping Classes:
[Architectury Transformer DEBUG] net/fabricmc/api/EnvType -> net/neoforged/api/distmarker/Dist
[Architectury Transformer DEBUG] net/fabricmc/api/Environment -> net/neoforged/api/distmarker/OnlyIn
[Architectury Transformer DEBUG] Found class transformer
[Architectury Transformer DEBUG] Writing org/cneko/justarod/command/PregnantCommand$Companion$registerLactation$4 with maxs=true frames=true
[Architectury Transformer DEBUG] Transformed org/cneko/justarod/command/PregnantCommand$Companion$registerLactation$4 in 1.319 ms
[Architectury Transformer DEBUG] Transforming from org/cneko/justarod/command/PregnantCommand$Companion$registerLactation$6.class to org/cneko/justarod/command/PregnantCommand$Companion$registerLactation$6.class with 6 transformer(s) on dev.architectury.transformer.handler.TinyRemapperPreparedTransformerHandler
[Architectury Transformer DEBUG] Remapping with 1 mapping provider(s):
[Architectury Transformer DEBUG]  - dev.architectury.transformer.transformers.TransformNeoForgeEnvironment$$Lambda/0x000076b00002fbf0@4a3631f8
[Architectury Transformer DEBUG] Remapping Classes:
[Architectury Transformer DEBUG] net/fabricmc/api/EnvType -> net/neoforged/api/distmarker/Dist
[Architectury Transformer DEBUG] net/fabricmc/api/Environment -> net/neoforged/api/distmarker/OnlyIn
[Architectury Transformer DEBUG] Found class transformer
[Architectury Transformer DEBUG] Writing org/cneko/justarod/command/PregnantCommand$Companion$registerLactation$6 with maxs=true frames=true
[Architectury Transformer DEBUG] Transformed org/cneko/justarod/command/PregnantCommand$Companion$registerLactation$6 in 1.283 ms
[Architectury Transformer DEBUG] Transforming from org/cneko/justarod/command/PregnantCommand$Companion$registerParonychia$2.class to org/cneko/justarod/command/PregnantCommand$Companion$registerParonychia$2.class with 6 transformer(s) on dev.architectury.transformer.handler.TinyRemapperPreparedTransformerHandler
[Architectury Transformer DEBUG] Remapping with 1 mapping provider(s):
[Architectury Transformer DEBUG]  - dev.architectury.transformer.transformers.TransformNeoForgeEnvironment$$Lambda/0x000076b00002fbf0@4a3631f8
[Architectury Transformer DEBUG] Remapping Classes:
[Architectury Transformer DEBUG] net/fabricmc/api/EnvType -> net/neoforged/api/distmarker/Dist
[Architectury Transformer DEBUG] net/fabricmc/api/Environment -> net/neoforged/api/distmarker/OnlyIn
[Architectury Transformer DEBUG] Found class transformer
[Architectury Transformer DEBUG] Writing org/cneko/justarod/command/PregnantCommand$Companion$registerParonychia$2 with maxs=true frames=true
[Architectury Transformer DEBUG] Transformed org/cneko/justarod/command/PregnantCommand$Companion$registerParonychia$2 in 1.225 ms
[Architectury Transformer DEBUG] Transforming from org/cneko/justarod/command/PregnantCommand$Companion$registerParonychia$6.class to org/cneko/justarod/command/PregnantCommand$Companion$registerParonychia$6.class with 6 transformer(s) on dev.architectury.transformer.handler.TinyRemapperPreparedTransformerHandler
[Architectury Transformer DEBUG] Remapping with 1 mapping provider(s):
[Architectury Transformer DEBUG]  - dev.architectury.transformer.transformers.TransformNeoForgeEnvironment$$Lambda/0x000076b00002fbf0@4a3631f8
[Architectury Transformer DEBUG] Remapping Classes:
[Architectury Transformer DEBUG] net/fabricmc/api/EnvType -> net/neoforged/api/distmarker/Dist
[Architectury Transformer DEBUG] net/fabricmc/api/Environment -> net/neoforged/api/distmarker/OnlyIn
[Architectury Transformer DEBUG] Found class transformer
[Architectury Transformer DEBUG] Writing org/cneko/justarod/command/PregnantCommand$Companion$registerParonychia$6 with maxs=true frames=true
[Architectury Transformer DEBUG] Transformed org/cneko/justarod/command/PregnantCommand$Companion$registerParonychia$6 in 1.208 ms
[Architectury Transformer DEBUG] Transforming from org/cneko/justarod/command/PregnantCommand$Companion$registerParonychia$8.class to org/cneko/justarod/command/PregnantCommand$Companion$registerParonychia$8.class with 6 transformer(s) on dev.architectury.transformer.handler.TinyRemapperPreparedTransformerHandler
[Architectury Transformer DEBUG] Remapping with 1 mapping provider(s):
[Architectury Transformer DEBUG]  - dev.architectury.transformer.transformers.TransformNeoForgeEnvironment$$Lambda/0x000076b00002fbf0@4a3631f8
[Architectury Transformer DEBUG] Remapping Classes:
[Architectury Transformer DEBUG] net/fabricmc/api/EnvType -> net/neoforged/api/distmarker/Dist
[Architectury Transformer DEBUG] net/fabricmc/api/Environment -> net/neoforged/api/distmarker/OnlyIn
[Architectury Transformer DEBUG] Found class transformer
[Architectury Transformer DEBUG] Writing org/cneko/justarod/command/PregnantCommand$Companion$registerParonychia$8 with maxs=true frames=true
[Architectury Transformer DEBUG] Transformed org/cneko/justarod/command/PregnantCommand$Companion$registerParonychia$8 in 1.223 ms
[Architectury Transformer DEBUG] Transforming from org/cneko/justarod/advancment/criterion/ItemUsedOnEntityCriterion$Conditions.class to org/cneko/justarod/advancment/criterion/ItemUsedOnEntityCriterion$Conditions.class with 6 transformer(s) on dev.architectury.transformer.handler.TinyRemapperPreparedTransformerHandler
[Architectury Transformer DEBUG] Remapping with 1 mapping provider(s):
[Architectury Transformer DEBUG]  - dev.architectury.transformer.transformers.TransformNeoForgeEnvironment$$Lambda/0x000076b00002fbf0@4a3631f8
[Architectury Transformer DEBUG] Remapping Classes:
[Architectury Transformer DEBUG] net/fabricmc/api/EnvType -> net/neoforged/api/distmarker/Dist
[Architectury Transformer DEBUG] net/fabricmc/api/Environment -> net/neoforged/api/distmarker/OnlyIn
[Architectury Transformer DEBUG] Found class transformer
[Architectury Transformer DEBUG] Writing org/cneko/justarod/advancment/criterion/ItemUsedOnEntityCriterion$Conditions with maxs=true frames=true
[Architectury Transformer DEBUG] Transformed org/cneko/justarod/advancment/criterion/ItemUsedOnEntityCriterion$Conditions in 2.469 ms
[Architectury Transformer DEBUG] Transforming from org/cneko/justarod/event/YuriKissManager.class to org/cneko/justarod/event/YuriKissManager.class with 6 transformer(s) on dev.architectury.transformer.handler.TinyRemapperPreparedTransformerHandler
[Architectury Transformer DEBUG] Remapping with 1 mapping provider(s):
[Architectury Transformer DEBUG]  - dev.architectury.transformer.transformers.TransformNeoForgeEnvironment$$Lambda/0x000076b00002fbf0@4a3631f8
[Architectury Transformer DEBUG] Remapping Classes:
[Architectury Transformer DEBUG] net/fabricmc/api/EnvType -> net/neoforged/api/distmarker/Dist
[Architectury Transformer DEBUG] net/fabricmc/api/Environment -> net/neoforged/api/distmarker/OnlyIn
[Architectury Transformer DEBUG] Found class transformer
[Architectury Transformer DEBUG] Writing org/cneko/justarod/event/YuriKissManager with maxs=true frames=true
[Architectury Transformer DEBUG] Transformed org/cneko/justarod/event/YuriKissManager in 2.507 ms
[Architectury Transformer DEBUG] Transforming from org/cneko/justarod/entity/Pregnant$MenstruationCycle.class to org/cneko/justarod/entity/Pregnant$MenstruationCycle.class with 6 transformer(s) on dev.architectury.transformer.handler.TinyRemapperPreparedTransformerHandler
[Architectury Transformer DEBUG] Remapping with 1 mapping provider(s):
[Architectury Transformer DEBUG]  - dev.architectury.transformer.transformers.TransformNeoForgeEnvironment$$Lambda/0x000076b00002fbf0@4a3631f8
[Architectury Transformer DEBUG] Remapping Classes:
[Architectury Transformer DEBUG] net/fabricmc/api/EnvType -> net/neoforged/api/distmarker/Dist
[Architectury Transformer DEBUG] net/fabricmc/api/Environment -> net/neoforged/api/distmarker/OnlyIn
[Architectury Transformer DEBUG] Found class transformer
[Architectury Transformer DEBUG] Writing org/cneko/justarod/entity/Pregnant$MenstruationCycle with maxs=true frames=true
[Architectury Transformer DEBUG] Transformed org/cneko/justarod/entity/Pregnant$MenstruationCycle in 2.042 ms
[Architectury Transformer DEBUG] Transforming from org/cneko/justarod/api/ImpactModelKt.class to org/cneko/justarod/api/ImpactModelKt.class with 6 transformer(s) on dev.architectury.transformer.handler.TinyRemapperPreparedTransformerHandler
[Architectury Transformer DEBUG] Remapping with 1 mapping provider(s):
[Architectury Transformer DEBUG]  - dev.architectury.transformer.transformers.TransformNeoForgeEnvironment$$Lambda/0x000076b00002fbf0@4a3631f8
[Architectury Transformer DEBUG] Remapping Classes:
[Architectury Transformer DEBUG] net/fabricmc/api/EnvType -> net/neoforged/api/distmarker/Dist
[Architectury Transformer DEBUG] net/fabricmc/api/Environment -> net/neoforged/api/distmarker/OnlyIn
[Architectury Transformer DEBUG] Found class transformer
[Architectury Transformer DEBUG] Writing org/cneko/justarod/api/ImpactModelKt with maxs=true frames=true
[Architectury Transformer DEBUG] Transformed org/cneko/justarod/api/ImpactModelKt in 2.617 ms
[Architectury Transformer DEBUG] Transforming from org/cneko/justarod/api/ImpactModel.class to org/cneko/justarod/api/ImpactModel.class with 6 transformer(s) on dev.architectury.transformer.handler.TinyRemapperPreparedTransformerHandler
[Architectury Transformer DEBUG] Remapping with 1 mapping provider(s):
[Architectury Transformer DEBUG]  - dev.architectury.transformer.transformers.TransformNeoForgeEnvironment$$Lambda/0x000076b00002fbf0@4a3631f8
[Architectury Transformer DEBUG] Remapping Classes:
[Architectury Transformer DEBUG] net/fabricmc/api/EnvType -> net/neoforged/api/distmarker/Dist
[Architectury Transformer DEBUG] net/fabricmc/api/Environment -> net/neoforged/api/distmarker/OnlyIn
[Architectury Transformer DEBUG] Found class transformer
[Architectury Transformer DEBUG] Writing org/cneko/justarod/api/ImpactModel with maxs=true frames=true
[Architectury Transformer DEBUG] Transformed org/cneko/justarod/api/ImpactModel in 3.026 ms
[Architectury Transformer DEBUG] Transforming from org/cneko/justarod/api/ImpactModel$Companion.class to org/cneko/justarod/api/ImpactModel$Companion.class with 6 transformer(s) on dev.architectury.transformer.handler.TinyRemapperPreparedTransformerHandler
[Architectury Transformer DEBUG] Remapping with 1 mapping provider(s):
[Architectury Transformer DEBUG]  - dev.architectury.transformer.transformers.TransformNeoForgeEnvironment$$Lambda/0x000076b00002fbf0@4a3631f8
[Architectury Transformer DEBUG] Remapping Classes:
[Architectury Transformer DEBUG] net/fabricmc/api/EnvType -> net/neoforged/api/distmarker/Dist
[Architectury Transformer DEBUG] net/fabricmc/api/Environment -> net/neoforged/api/distmarker/OnlyIn
[Architectury Transformer DEBUG] Found class transformer
[Architectury Transformer DEBUG] Writing org/cneko/justarod/api/ImpactModel$Companion with maxs=true frames=true
[Architectury Transformer DEBUG] Transformed org/cneko/justarod/api/ImpactModel$Companion in 2.547 ms
[Architectury Transformer DEBUG] Transforming from org/cneko/justarod/item/rod/SelfUsedItemInterface$DefaultImpls.class to org/cneko/justarod/item/rod/SelfUsedItemInterface$DefaultImpls.class with 6 transformer(s) on dev.architectury.transformer.handler.TinyRemapperPreparedTransformerHandler
[Architectury Transformer DEBUG] Remapping with 1 mapping provider(s):
[Architectury Transformer DEBUG]  - dev.architectury.transformer.transformers.TransformNeoForgeEnvironment$$Lambda/0x000076b00002fbf0@4a3631f8
[Architectury Transformer DEBUG] Remapping Classes:
[Architectury Transformer DEBUG] net/fabricmc/api/EnvType -> net/neoforged/api/distmarker/Dist
[Architectury Transformer DEBUG] net/fabricmc/api/Environment -> net/neoforged/api/distmarker/OnlyIn
[Architectury Transformer DEBUG] Found class transformer
[Architectury Transformer DEBUG] Writing org/cneko/justarod/item/rod/SelfUsedItemInterface$DefaultImpls with maxs=true frames=true
[Architectury Transformer DEBUG] Transformed org/cneko/justarod/item/rod/SelfUsedItemInterface$DefaultImpls in 3.255 ms
[Architectury Transformer DEBUG] Transforming from org/cneko/justarod/JREnchantments.class to org/cneko/justarod/JREnchantments.class with 6 transformer(s) on dev.architectury.transformer.handler.TinyRemapperPreparedTransformerHandler
[Architectury Transformer DEBUG] Remapping with 1 mapping provider(s):
[Architectury Transformer DEBUG]  - dev.architectury.transformer.transformers.TransformNeoForgeEnvironment$$Lambda/0x000076b00002fbf0@4a3631f8
[Architectury Transformer DEBUG] Remapping Classes:
[Architectury Transformer DEBUG] net/fabricmc/api/EnvType -> net/neoforged/api/distmarker/Dist
[Architectury Transformer DEBUG] net/fabricmc/api/Environment -> net/neoforged/api/distmarker/OnlyIn
[Architectury Transformer DEBUG] Found class transformer
[Architectury Transformer DEBUG] Writing org/cneko/justarod/JREnchantments with maxs=true frames=true
[Architectury Transformer DEBUG] Transformed org/cneko/justarod/JREnchantments in 2.838 ms
[Architectury Transformer DEBUG] Transforming from org/cneko/justarod/item/rod/EndRodItemKt.class to org/cneko/justarod/item/rod/EndRodItemKt.class with 6 transformer(s) on dev.architectury.transformer.handler.TinyRemapperPreparedTransformerHandler
[Architectury Transformer DEBUG] Remapping with 1 mapping provider(s):
[Architectury Transformer DEBUG]  - dev.architectury.transformer.transformers.TransformNeoForgeEnvironment$$Lambda/0x000076b00002fbf0@4a3631f8
[Architectury Transformer DEBUG] Remapping Classes:
[Architectury Transformer DEBUG] net/fabricmc/api/EnvType -> net/neoforged/api/distmarker/Dist
[Architectury Transformer DEBUG] net/fabricmc/api/Environment -> net/neoforged/api/distmarker/OnlyIn
[Architectury Transformer DEBUG] Found class transformer
[Architectury Transformer DEBUG] Writing org/cneko/justarod/item/rod/EndRodItemKt with maxs=true frames=true
[Architectury Transformer DEBUG] Transformed org/cneko/justarod/item/rod/EndRodItemKt in 2.448 ms
[Architectury Transformer DEBUG] Transforming from org/cneko/justarod/item/tooltip/ChemicalStructureTooltipData.class to org/cneko/justarod/item/tooltip/ChemicalStructureTooltipData.class with 6 transformer(s) on dev.architectury.transformer.handler.TinyRemapperPreparedTransformerHandler
[Architectury Transformer DEBUG] Remapping with 1 mapping provider(s):
[Architectury Transformer DEBUG]  - dev.architectury.transformer.transformers.TransformNeoForgeEnvironment$$Lambda/0x000076b00002fbf0@4a3631f8
[Architectury Transformer DEBUG] Remapping Classes:
[Architectury Transformer DEBUG] net/fabricmc/api/EnvType -> net/neoforged/api/distmarker/Dist
[Architectury Transformer DEBUG] net/fabricmc/api/Environment -> net/neoforged/api/distmarker/OnlyIn
[Architectury Transformer DEBUG] Found class transformer
[Architectury Transformer DEBUG] Writing org/cneko/justarod/item/tooltip/ChemicalStructureTooltipData with maxs=true frames=true
[Architectury Transformer DEBUG] Transformed org/cneko/justarod/item/tooltip/ChemicalStructureTooltipData in 2.450 ms
[Architectury Transformer DEBUG] Transforming from org/cneko/justarod/client/tooltip/ChemicalStructureTooltipComponent.class to org/cneko/justarod/client/tooltip/ChemicalStructureTooltipComponent.class with 6 transformer(s) on dev.architectury.transformer.handler.TinyRemapperPreparedTransformerHandler
[Architectury Transformer DEBUG] Remapping with 1 mapping provider(s):
[Architectury Transformer DEBUG]  - dev.architectury.transformer.transformers.TransformNeoForgeEnvironment$$Lambda/0x000076b00002fbf0@4a3631f8
[Architectury Transformer DEBUG] Remapping Classes:
[Architectury Transformer DEBUG] net/fabricmc/api/EnvType -> net/neoforged/api/distmarker/Dist
[Architectury Transformer DEBUG] net/fabricmc/api/Environment -> net/neoforged/api/distmarker/OnlyIn
[Architectury Transformer DEBUG] Found class transformer
[Architectury Transformer DEBUG] Writing org/cneko/justarod/client/tooltip/ChemicalStructureTooltipComponent with maxs=true frames=true
[Architectury Transformer DEBUG] Transformed org/cneko/justarod/client/tooltip/ChemicalStructureTooltipComponent in 1.565 ms
[Architectury Transformer DEBUG] Transforming from org/cneko/justarod/client/tooltip/StructureTextureCache.class to org/cneko/justarod/client/tooltip/StructureTextureCache.class with 6 transformer(s) on dev.architectury.transformer.handler.TinyRemapperPreparedTransformerHandler
[Architectury Transformer DEBUG] Remapping with 1 mapping provider(s):
[Architectury Transformer DEBUG]  - dev.architectury.transformer.transformers.TransformNeoForgeEnvironment$$Lambda/0x000076b00002fbf0@4a3631f8
[Architectury Transformer DEBUG] Remapping Classes:
[Architectury Transformer DEBUG] net/fabricmc/api/EnvType -> net/neoforged/api/distmarker/Dist
[Architectury Transformer DEBUG] net/fabricmc/api/Environment -> net/neoforged/api/distmarker/OnlyIn
[Architectury Transformer DEBUG] Found class transformer
[Architectury Transformer DEBUG] Writing org/cneko/justarod/client/tooltip/StructureTextureCache with maxs=true frames=true
[Architectury Transformer DEBUG] Transformed org/cneko/justarod/client/tooltip/StructureTextureCache in 1.722 ms
